date,media_key,media_name,platform,placement_id,placement_name,placement_type,thirdparty_id,thirdparty_name,report_type,request_value,response_value,impression_value,click_value,revenue_usd,fill_rate,ctr,ecpm
2026-04-16,152630613,황금거위(AOS),,TcKzRUNsjYIQFJs,황금거위_미니게임1_RV_Android,RV,0,Adpopcorn SSP,1,2323,825,551,117,3.341298,23.72,21.23,6.0641
2026-04-16,152630613,황금거위(AOS),,TcKzRUNsjYIQFJs,황금거위_미니게임1_RV_Android,RV,16,Fyber,4,32,0,3,1,0.003000,9.38,33.33,1.0000
2026-04-16,152630613,황금거위(AOS),,TcKzRUNsjYIQFJs,황금거위_미니게임1_RV_Android,RV,34,ID 34,4,1303,1303,852,65,2.073117,65.39,7.63,2.4332
2026-04-16,152630613,황금거위(AOS),,TcKzRUNsjYIQFJs,황금거위_미니게임1_RV_Android,RV,18,Pangle,4,38,36,10,0,0.010000,26.32,0.00,1.0000
2026-04-16,880605234,황금거위(iOS),,dwOiJPQUsoXKdMT,황금거위_미니게임1_RV_iOS,RV,0,Adpopcorn SSP,1,188,103,23,3,0.133839,12.23,13.04,5.8191
2026-04-16,880605234,황금거위(iOS),,dwOiJPQUsoXKdMT,황금거위_미니게임1_RV_iOS,RV,16,Fyber,4,1,0,0,0,0.000000,0.00,0.00,0.0000
2026-04-16,880605234,황금거위(iOS),,dwOiJPQUsoXKdMT,황금거위_미니게임1_RV_iOS,RV,34,ID 34,4,124,124,79,1,0.687377,63.71,1.27,8.7010
2026-04-16,152630613,황금거위(AOS),,DECp68UA1uOBhfu,황금거위_미니게임2_RV_Android,RV,0,Adpopcorn SSP,1,2077,1153,483,42,0.998754,23.25,8.70,2.0678
2026-04-16,152630613,황금거위(AOS),,DECp68UA1uOBhfu,황금거위_미니게임2_RV_Android,RV,21,AppLovin WF,4,0,0,116,64,0.120000,0.00,55.17,1.0345
2026-04-16,152630613,황금거위(AOS),,DECp68UA1uOBhfu,황금거위_미니게임2_RV_Android,RV,16,Fyber,4,1798,0,193,38,0.193000,10.73,19.69,1.0000
2026-04-16,152630613,황금거위(AOS),,DECp68UA1uOBhfu,황금거위_미니게임2_RV_Android,RV,18,Pangle,4,352,223,148,28,0.070000,42.05,18.92,0.4730
2026-04-16,152630613,황금거위(AOS),,DECp68UA1uOBhfu,황금거위_미니게임2_RV_Android,RV,14,Vungle,4,0,0,75,23,0.043438,0.00,30.67,0.5792
2026-04-16,880605234,황금거위(iOS),,889ZlHXzRQjWWmw,황금거위_미니게임2_RV_iOS,RV,0,Adpopcorn SSP,1,130,107,21,1,0.024249,16.15,4.76,1.1547
2026-04-16,880605234,황금거위(iOS),,889ZlHXzRQjWWmw,황금거위_미니게임2_RV_iOS,RV,21,AppLovin WF,4,0,0,13,13,0.010000,0.00,100.00,0.7692
2026-04-16,880605234,황금거위(iOS),,889ZlHXzRQjWWmw,황금거위_미니게임2_RV_iOS,RV,16,Fyber,4,96,0,23,15,0.023000,23.96,65.22,1.0000
2026-04-16,880605234,황금거위(iOS),,889ZlHXzRQjWWmw,황금거위_미니게임2_RV_iOS,RV,18,Pangle,4,14,9,6,0,0.000000,42.86,0.00,0.0000
2026-04-16,152630613,황금거위(AOS),,AIeWRQ2R5CbBNyO,황금거위_보너스캐시_RV_Android,RV,0,Adpopcorn SSP,1,1954,766,406,119,2.435340,20.78,29.31,5.9984
2026-04-16,152630613,황금거위(AOS),,AIeWRQ2R5CbBNyO,황금거위_보너스캐시_RV_Android,RV,21,AppLovin WF,4,0,0,1,0,0.000000,0.00,0.00,0.0000
2026-04-16,152630613,황금거위(AOS),,AIeWRQ2R5CbBNyO,황금거위_보너스캐시_RV_Android,RV,16,Fyber,4,13,0,0,0,0.000000,0.00,0.00,0.0000
2026-04-16,152630613,황금거위(AOS),,AIeWRQ2R5CbBNyO,황금거위_보너스캐시_RV_Android,RV,34,ID 34,4,1061,1061,547,50,1.055339,51.56,9.14,1.9293
2026-04-16,152630613,황금거위(AOS),,AIeWRQ2R5CbBNyO,황금거위_보너스캐시_RV_Android,RV,18,Pangle,4,13,12,3,0,0.000000,23.08,0.00,0.0000
2026-04-16,880605234,황금거위(iOS),,efq4IKkCEZ9y55e,황금거위_보너스캐시_RV_iOS,RV,0,Adpopcorn SSP,1,141,70,13,2,0.073826,9.22,15.38,5.6789
2026-04-16,880605234,황금거위(iOS),,efq4IKkCEZ9y55e,황금거위_보너스캐시_RV_iOS,RV,21,AppLovin WF,4,0,0,1,0,0.000000,0.00,0.00,0.0000
2026-04-16,880605234,황금거위(iOS),,efq4IKkCEZ9y55e,황금거위_보너스캐시_RV_iOS,RV,16,Fyber,4,1,0,0,0,0.000000,0.00,0.00,0.0000
2026-04-16,880605234,황금거위(iOS),,efq4IKkCEZ9y55e,황금거위_보너스캐시_RV_iOS,RV,34,ID 34,4,91,91,47,1,0.370745,51.65,2.13,7.8882
2026-04-16,152630613,황금거위(AOS),,nrbMhFxX4AEcFxq,황금거위_출석체크_RV_Android,RV,0,Adpopcorn SSP,1,951,481,186,31,0.873413,19.56,16.67,4.6958
2026-04-16,152630613,황금거위(AOS),,nrbMhFxX4AEcFxq,황금거위_출석체크_RV_Android,RV,21,AppLovin WF,4,0,0,22,14,0.020000,0.00,63.64,0.9091
2026-04-16,152630613,황금거위(AOS),,nrbMhFxX4AEcFxq,황금거위_출석체크_RV_Android,RV,16,Fyber,4,558,0,50,14,0.050000,8.96,28.00,1.0000
2026-04-16,152630613,황금거위(AOS),,nrbMhFxX4AEcFxq,황금거위_출석체크_RV_Android,RV,18,Pangle,4,373,290,127,19,0.070000,34.05,14.96,0.5512
2026-04-16,152630613,황금거위(AOS),,nrbMhFxX4AEcFxq,황금거위_출석체크_RV_Android,RV,14,Vungle,4,0,0,10,3,0.004686,0.00,30.00,0.4686
2026-04-16,880605234,황금거위(iOS),,pri9mYRn7kAgmbp,황금거위_출석체크_RV_iOS,RV,0,Adpopcorn SSP,1,74,45,5,1,0.031232,6.76,20.00,6.2464
2026-04-16,880605234,황금거위(iOS),,pri9mYRn7kAgmbp,황금거위_출석체크_RV_iOS,RV,21,AppLovin WF,4,0,0,5,5,0.010000,0.00,100.00,2.0000
2026-04-16,880605234,황금거위(iOS),,pri9mYRn7kAgmbp,황금거위_출석체크_RV_iOS,RV,16,Fyber,4,50,0,9,6,0.009000,18.00,66.67,1.0000
2026-04-16,880605234,황금거위(iOS),,pri9mYRn7kAgmbp,황금거위_출석체크_RV_iOS,RV,18,Pangle,4,24,24,10,2,0.010000,41.67,20.00,1.0000
2026-04-16,152630613,황금거위(AOS),,XvgdJsTGilO5s0n,황금거위_황금알_RV_Android,RV,0,Adpopcorn SSP,1,1,0,0,0,0.000000,0.00,0.00,0.0000
2026-04-16,152630613,황금거위(AOS),,XvgdJsTGilO5s0n,황금거위_황금알_RV_Android,RV,16,Fyber,4,1,0,0,0,0.000000,0.00,0.00,0.0000
2026-04-16,152630613,황금거위(AOS),,XvgdJsTGilO5s0n,황금거위_황금알_RV_Android,RV,18,Pangle,4,2,2,1,0,0.000000,50.00,0.00,0.0000
2026-04-16,880605234,황금거위(iOS),,RQeUixRooxXfCLZ,황금거위_황금알_RV_iOS,RV,0,Adpopcorn SSP,1,1,1,0,0,0.000000,0.00,0.00,0.0000
2026-04-16,152630613,황금거위(AOS),,TKeAFuGGcj4nJkY,BANNER_320x50_ADNROID,배너,0,Adpopcorn SSP,1,6195,4098,4072,7,0.201628,65.73,0.17,0.0495
2026-04-16,880605234,황금거위(iOS),,K7ycD8gltcncKGp,BANNER_320x50_iOS,배너,0,Adpopcorn SSP,1,540,267,264,0,0.158626,48.89,0.00,0.6009
2026-04-16,152630613,황금거위(AOS),,4zLAQUTzDGMz2Oi,황금거위_황금알_IV_Android,전면,0,Adpopcorn SSP,1,11831,5760,2817,539,8.949661,23.81,19.13,3.1770
2026-04-16,152630613,황금거위(AOS),,4zLAQUTzDGMz2Oi,황금거위_황금알_IV_Android,전면,21,AppLovin WF,4,0,0,404,282,0.400000,0.00,69.80,0.9901
2026-04-16,152630613,황금거위(AOS),,4zLAQUTzDGMz2Oi,황금거위_황금알_IV_Android,전면,16,Fyber,4,10368,0,1277,736,1.277000,12.32,57.64,1.0000
2026-04-16,152630613,황금거위(AOS),,4zLAQUTzDGMz2Oi,황금거위_황금알_IV_Android,전면,18,Pangle,4,3799,2170,1729,265,0.860000,45.51,15.33,0.4974
2026-04-16,152630613,황금거위(AOS),,4zLAQUTzDGMz2Oi,황금거위_황금알_IV_Android,전면,14,Vungle,4,0,0,316,116,0.149558,0.00,36.71,0.4733
2026-04-16,880605234,황금거위(iOS),,BppkJs2NQiqilXy,황금거위_황금알_IV_iOS,전면,0,Adpopcorn SSP,1,918,570,130,11,0.212861,14.16,8.46,1.6374
2026-04-16,880605234,황금거위(iOS),,BppkJs2NQiqilXy,황금거위_황금알_IV_iOS,전면,21,AppLovin WF,4,0,0,101,95,0.100000,0.00,94.06,0.9901
2026-04-16,880605234,황금거위(iOS),,BppkJs2NQiqilXy,황금거위_황금알_IV_iOS,전면,16,Fyber,4,829,0,259,238,0.259000,31.24,91.89,1.0000
2026-04-16,880605234,황금거위(iOS),,BppkJs2NQiqilXy,황금거위_황금알_IV_iOS,전면,18,Pangle,4,174,156,92,7,0.050000,52.87,7.61,0.5435
2026-04-17,152630613,황금거위(AOS),,TcKzRUNsjYIQFJs,황금거위_미니게임1_RV_Android,RV,0,Adpopcorn SSP,1,1911,647,447,102,3.815232,23.39,22.82,8.5352
2026-04-17,152630613,황금거위(AOS),,TcKzRUNsjYIQFJs,황금거위_미니게임1_RV_Android,RV,16,Fyber,4,16,0,0,0,0.000000,0.00,0.00,0.0000
2026-04-17,152630613,황금거위(AOS),,TcKzRUNsjYIQFJs,황금거위_미니게임1_RV_Android,RV,34,ID 34,4,1093,1093,754,54,1.303728,68.98,7.16,1.7291
2026-04-17,152630613,황금거위(AOS),,TcKzRUNsjYIQFJs,황금거위_미니게임1_RV_Android,RV,18,Pangle,4,17,16,7,1,0.010000,41.18,14.29,1.4286
2026-04-17,880605234,황금거위(iOS),,dwOiJPQUsoXKdMT,황금거위_미니게임1_RV_iOS,RV,0,Adpopcorn SSP,1,145,50,14,1,0.059169,9.66,7.14,4.2264
2026-04-17,880605234,황금거위(iOS),,dwOiJPQUsoXKdMT,황금거위_미니게임1_RV_iOS,RV,34,ID 34,4,119,119,77,1,0.835993,64.71,1.30,10.8571
2026-04-17,152630613,황금거위(AOS),,DECp68UA1uOBhfu,황금거위_미니게임2_RV_Android,RV,0,Adpopcorn SSP,1,1344,330,246,63,1.427533,18.30,25.61,5.8030
2026-04-17,152630613,황금거위(AOS),,DECp68UA1uOBhfu,황금거위_미니게임2_RV_Android,RV,21,AppLovin WF,4,0,0,15,8,0.020000,0.00,53.33,1.3333
2026-04-17,152630613,황금거위(AOS),,DECp68UA1uOBhfu,황금거위_미니게임2_RV_Android,RV,16,Fyber,4,248,0,38,7,0.038000,15.32,18.42,1.0000
2026-04-17,152630613,황금거위(AOS),,DECp68UA1uOBhfu,황금거위_미니게임2_RV_Android,RV,34,ID 34,4,604,604,413,36,0.707850,68.38,8.72,1.7139
2026-04-17,152630613,황금거위(AOS),,DECp68UA1uOBhfu,황금거위_미니게임2_RV_Android,RV,18,Pangle,4,246,189,124,22,0.070000,50.41,17.74,0.5645
2026-04-17,152630613,황금거위(AOS),,DECp68UA1uOBhfu,황금거위_미니게임2_RV_Android,RV,14,Vungle,4,0,0,2,0,0.000976,0.00,0.00,0.4880
2026-04-17,880605234,황금거위(iOS),,889ZlHXzRQjWWmw,황금거위_미니게임2_RV_iOS,RV,0,Adpopcorn SSP,1,81,25,7,0,0.035451,8.64,0.00,5.0644
2026-04-17,880605234,황금거위(iOS),,889ZlHXzRQjWWmw,황금거위_미니게임2_RV_iOS,RV,21,AppLovin WF,4,0,0,1,1,0.000000,0.00,100.00,0.0000
2026-04-17,880605234,황금거위(iOS),,889ZlHXzRQjWWmw,황금거위_미니게임2_RV_iOS,RV,16,Fyber,4,20,0,7,6,0.007000,35.00,85.71,1.0000
2026-04-17,880605234,황금거위(iOS),,889ZlHXzRQjWWmw,황금거위_미니게임2_RV_iOS,RV,34,ID 34,4,44,44,29,4,0.200566,65.91,13.79,6.9161
2026-04-17,880605234,황금거위(iOS),,889ZlHXzRQjWWmw,황금거위_미니게임2_RV_iOS,RV,18,Pangle,4,14,14,8,0,0.010000,57.14,0.00,1.2500
2026-04-17,152630613,황금거위(AOS),,AIeWRQ2R5CbBNyO,황금거위_보너스캐시_RV_Android,RV,0,Adpopcorn SSP,1,2092,702,368,97,1.681590,17.59,26.36,4.5695
2026-04-17,152630613,황금거위(AOS),,AIeWRQ2R5CbBNyO,황금거위_보너스캐시_RV_Android,RV,21,AppLovin WF,4,0,0,1,0,0.000000,0.00,0.00,0.0000
2026-04-17,152630613,황금거위(AOS),,AIeWRQ2R5CbBNyO,황금거위_보너스캐시_RV_Android,RV,16,Fyber,4,23,0,2,1,0.002000,8.70,50.00,1.0000
2026-04-17,152630613,황금거위(AOS),,AIeWRQ2R5CbBNyO,황금거위_보너스캐시_RV_Android,RV,34,ID 34,4,1265,1265,627,37,1.071655,49.57,5.90,1.7092
2026-04-17,152630613,황금거위(AOS),,AIeWRQ2R5CbBNyO,황금거위_보너스캐시_RV_Android,RV,18,Pangle,4,22,19,6,2,0.000000,27.27,33.33,0.0000
2026-04-17,880605234,황금거위(iOS),,efq4IKkCEZ9y55e,황금거위_보너스캐시_RV_iOS,RV,0,Adpopcorn SSP,1,151,57,8,1,0.034155,5.30,12.50,4.2694
2026-04-17,880605234,황금거위(iOS),,efq4IKkCEZ9y55e,황금거위_보너스캐시_RV_iOS,RV,34,ID 34,4,113,113,60,0,0.340943,53.10,0.00,5.6824
2026-04-17,152630613,황금거위(AOS),,nrbMhFxX4AEcFxq,황금거위_출석체크_RV_Android,RV,0,Adpopcorn SSP,1,570,135,67,14,0.399345,11.75,20.90,5.9604
2026-04-17,152630613,황금거위(AOS),,nrbMhFxX4AEcFxq,황금거위_출석체크_RV_Android,RV,21,AppLovin WF,4,0,0,3,3,0.000000,0.00,100.00,0.0000
2026-04-17,152630613,황금거위(AOS),,nrbMhFxX4AEcFxq,황금거위_출석체크_RV_Android,RV,16,Fyber,4,28,0,3,0,0.003000,10.71,0.00,1.0000
2026-04-17,152630613,황금거위(AOS),,nrbMhFxX4AEcFxq,황금거위_출석체크_RV_Android,RV,34,ID 34,4,299,299,147,6,0.291319,49.16,4.08,1.9818
2026-04-17,152630613,황금거위(AOS),,nrbMhFxX4AEcFxq,황금거위_출석체크_RV_Android,RV,18,Pangle,4,54,45,20,6,0.010000,37.04,30.00,0.5000
2026-04-17,880605234,황금거위(iOS),,pri9mYRn7kAgmbp,황금거위_출석체크_RV_iOS,RV,0,Adpopcorn SSP,1,56,20,1,0,0.008343,1.79,0.00,8.3430
2026-04-17,880605234,황금거위(iOS),,pri9mYRn7kAgmbp,황금거위_출석체크_RV_iOS,RV,21,AppLovin WF,4,0,0,1,1,0.000000,0.00,100.00,0.0000
2026-04-17,880605234,황금거위(iOS),,pri9mYRn7kAgmbp,황금거위_출석체크_RV_iOS,RV,16,Fyber,4,6,0,1,1,0.001000,16.67,100.00,1.0000
2026-04-17,880605234,황금거위(iOS),,pri9mYRn7kAgmbp,황금거위_출석체크_RV_iOS,RV,34,ID 34,4,38,38,20,1,0.120979,52.63,5.00,6.0489
2026-04-17,880605234,황금거위(iOS),,pri9mYRn7kAgmbp,황금거위_출석체크_RV_iOS,RV,18,Pangle,4,5,5,2,0,0.000000,40.00,0.00,0.0000
2026-04-17,152630613,황금거위(AOS),,TKeAFuGGcj4nJkY,BANNER_320x50_ADNROID,배너,0,Adpopcorn SSP,1,7176,5665,5616,7,0.218110,78.26,0.12,0.0388
2026-04-17,880605234,황금거위(iOS),,K7ycD8gltcncKGp,BANNER_320x50_iOS,배너,0,Adpopcorn SSP,1,465,314,312,0,0.092111,67.10,0.00,0.2952
2026-04-17,152630613,황금거위(AOS),,4zLAQUTzDGMz2Oi,황금거위_황금알_IV_Android,전면,0,Adpopcorn SSP,1,11089,1861,1339,419,5.119271,12.08,31.29,3.8232
2026-04-17,152630613,황금거위(AOS),,4zLAQUTzDGMz2Oi,황금거위_황금알_IV_Android,전면,21,AppLovin WF,4,0,0,41,30,0.040000,0.00,73.17,0.9756
2026-04-17,152630613,황금거위(AOS),,4zLAQUTzDGMz2Oi,황금거위_황금알_IV_Android,전면,16,Fyber,4,1286,0,131,63,0.131000,10.19,48.09,1.0000
2026-04-17,152630613,황금거위(AOS),,4zLAQUTzDGMz2Oi,황금거위_황금알_IV_Android,전면,34,ID 34,4,6253,6241,4519,236,5.554575,72.27,5.22,1.2292
2026-04-17,152630613,황금거위(AOS),,4zLAQUTzDGMz2Oi,황금거위_황금알_IV_Android,전면,18,Pangle,4,1645,943,618,121,0.400000,37.57,19.58,0.6472
2026-04-17,152630613,황금거위(AOS),,4zLAQUTzDGMz2Oi,황금거위_황금알_IV_Android,전면,14,Vungle,4,0,0,18,8,0.008128,0.00,44.44,0.4516
2026-04-17,880605234,황금거위(iOS),,BppkJs2NQiqilXy,황금거위_황금알_IV_iOS,전면,0,Adpopcorn SSP,1,983,262,86,10,0.321145,8.75,11.63,3.7342
2026-04-17,880605234,황금거위(iOS),,BppkJs2NQiqilXy,황금거위_황금알_IV_iOS,전면,21,AppLovin WF,4,0,0,9,7,0.010000,0.00,77.78,1.1111
2026-04-17,880605234,황금거위(iOS),,BppkJs2NQiqilXy,황금거위_황금알_IV_iOS,전면,16,Fyber,4,119,0,35,30,0.035000,29.41,85.71,1.0000
2026-04-17,880605234,황금거위(iOS),,BppkJs2NQiqilXy,황금거위_황금알_IV_iOS,전면,34,ID 34,4,645,645,445,18,1.793686,68.99,4.04,4.0308
2026-04-17,880605234,황금거위(iOS),,BppkJs2NQiqilXy,황금거위_황금알_IV_iOS,전면,18,Pangle,4,65,65,38,3,0.020000,58.46,7.89,0.5263
2026-04-18,152630613,황금거위(AOS),,TcKzRUNsjYIQFJs,황금거위_미니게임1_RV_Android,RV,0,Adpopcorn SSP,1,1762,583,393,103,2.591296,22.30,26.21,6.5936
2026-04-18,152630613,황금거위(AOS),,TcKzRUNsjYIQFJs,황금거위_미니게임1_RV_Android,RV,21,AppLovin WF,4,0,0,1,0,0.000000,0.00,0.00,0.0000
2026-04-18,152630613,황금거위(AOS),,TcKzRUNsjYIQFJs,황금거위_미니게임1_RV_Android,RV,16,Fyber,4,28,0,1,0,0.001000,3.57,0.00,1.0000
2026-04-18,152630613,황금거위(AOS),,TcKzRUNsjYIQFJs,황금거위_미니게임1_RV_Android,RV,34,ID 34,4,1033,1033,701,47,1.161498,67.86,6.70,1.6569
2026-04-18,152630613,황금거위(AOS),,TcKzRUNsjYIQFJs,황금거위_미니게임1_RV_Android,RV,18,Pangle,4,27,27,14,2,0.010000,51.85,14.29,0.7143
2026-04-18,880605234,황금거위(iOS),,dwOiJPQUsoXKdMT,황금거위_미니게임1_RV_iOS,RV,0,Adpopcorn SSP,1,149,51,15,5,0.072775,10.07,33.33,4.8517
2026-04-18,880605234,황금거위(iOS),,dwOiJPQUsoXKdMT,황금거위_미니게임1_RV_iOS,RV,16,Fyber,4,1,0,0,0,0.000000,0.00,0.00,0.0000
2026-04-18,880605234,황금거위(iOS),,dwOiJPQUsoXKdMT,황금거위_미니게임1_RV_iOS,RV,34,ID 34,4,126,126,87,4,0.550125,69.05,4.60,6.3233
2026-04-18,880605234,황금거위(iOS),,dwOiJPQUsoXKdMT,황금거위_미니게임1_RV_iOS,RV,18,Pangle,4,1,1,0,0,0.000000,0.00,0.00,0.0000
2026-04-18,152630613,황금거위(AOS),,DECp68UA1uOBhfu,황금거위_미니게임2_RV_Android,RV,0,Adpopcorn SSP,1,1227,314,208,48,1.181599,16.95,23.08,5.6808
2026-04-18,152630613,황금거위(AOS),,DECp68UA1uOBhfu,황금거위_미니게임2_RV_Android,RV,16,Fyber,4,17,0,0,0,0.000000,0.00,0.00,0.0000
2026-04-18,152630613,황금거위(AOS),,DECp68UA1uOBhfu,황금거위_미니게임2_RV_Android,RV,34,ID 34,4,786,786,540,46,0.771827,68.70,8.52,1.4293
2026-04-18,152630613,황금거위(AOS),,DECp68UA1uOBhfu,황금거위_미니게임2_RV_Android,RV,18,Pangle,4,21,20,8,0,0.000000,38.10,0.00,0.0000
2026-04-18,880605234,황금거위(iOS),,889ZlHXzRQjWWmw,황금거위_미니게임2_RV_iOS,RV,0,Adpopcorn SSP,1,98,30,10,3,0.074826,10.20,30.00,7.4826
2026-04-18,880605234,황금거위(iOS),,889ZlHXzRQjWWmw,황금거위_미니게임2_RV_iOS,RV,16,Fyber,4,1,0,0,0,0.000000,0.00,0.00,0.0000
2026-04-18,880605234,황금거위(iOS),,889ZlHXzRQjWWmw,황금거위_미니게임2_RV_iOS,RV,34,ID 34,4,84,84,59,5,0.253116,70.24,8.47,4.2901
2026-04-18,152630613,황금거위(AOS),,AIeWRQ2R5CbBNyO,황금거위_보너스캐시_RV_Android,RV,0,Adpopcorn SSP,1,2158,647,343,113,2.048089,15.89,32.94,5.9711
2026-04-18,152630613,황금거위(AOS),,AIeWRQ2R5CbBNyO,황금거위_보너스캐시_RV_Android,RV,16,Fyber,4,19,0,1,0,0.001000,5.26,0.00,1.0000
2026-04-18,152630613,황금거위(AOS),,AIeWRQ2R5CbBNyO,황금거위_보너스캐시_RV_Android,RV,34,ID 34,4,1363,1363,690,56,0.945162,50.62,8.12,1.3698
2026-04-18,152630613,황금거위(AOS),,AIeWRQ2R5CbBNyO,황금거위_보너스캐시_RV_Android,RV,18,Pangle,4,21,19,8,1,0.000000,38.10,12.50,0.0000
2026-04-18,880605234,황금거위(iOS),,efq4IKkCEZ9y55e,황금거위_보너스캐시_RV_iOS,RV,0,Adpopcorn SSP,1,152,43,7,2,0.018919,4.61,28.57,2.7027
2026-04-18,880605234,황금거위(iOS),,efq4IKkCEZ9y55e,황금거위_보너스캐시_RV_iOS,RV,34,ID 34,4,138,138,71,4,0.370691,51.45,5.63,5.2210
2026-04-18,152630613,황금거위(AOS),,nrbMhFxX4AEcFxq,황금거위_출석체크_RV_Android,RV,0,Adpopcorn SSP,1,869,285,140,44,0.855075,16.11,31.43,6.1077
2026-04-18,152630613,황금거위(AOS),,nrbMhFxX4AEcFxq,황금거위_출석체크_RV_Android,RV,16,Fyber,4,14,0,1,1,0.001000,7.14,100.00,1.0000
2026-04-18,152630613,황금거위(AOS),,nrbMhFxX4AEcFxq,황금거위_출석체크_RV_Android,RV,34,ID 34,4,517,517,244,26,0.377122,47.20,10.66,1.5456
2026-04-18,152630613,황금거위(AOS),,nrbMhFxX4AEcFxq,황금거위_출석체크_RV_Android,RV,18,Pangle,4,10,9,3,0,0.000000,30.00,0.00,0.0000
2026-04-18,880605234,황금거위(iOS),,pri9mYRn7kAgmbp,황금거위_출석체크_RV_iOS,RV,0,Adpopcorn SSP,1,73,33,5,0,0.012791,6.85,0.00,2.5582
2026-04-18,880605234,황금거위(iOS),,pri9mYRn7kAgmbp,황금거위_출석체크_RV_iOS,RV,34,ID 34,4,57,57,28,1,0.165606,49.12,3.57,5.9145
2026-04-18,152630613,황금거위(AOS),,XvgdJsTGilO5s0n,황금거위_황금알_RV_Android,RV,0,Adpopcorn SSP,1,1,1,1,0,0.031948,100.00,0.00,31.9480
2026-04-18,880605234,황금거위(iOS),,RQeUixRooxXfCLZ,황금거위_황금알_RV_iOS,RV,0,Adpopcorn SSP,1,1,0,0,0,0.000000,0.00,0.00,0.0000
2026-04-18,880605234,황금거위(iOS),,RQeUixRooxXfCLZ,황금거위_황금알_RV_iOS,RV,34,ID 34,4,1,1,1,0,0.003145,100.00,0.00,3.1450
2026-04-18,152630613,황금거위(AOS),,TKeAFuGGcj4nJkY,BANNER_320x50_ADNROID,배너,0,Adpopcorn SSP,1,6804,5426,5405,3,0.194608,79.44,0.06,0.0360
2026-04-18,880605234,황금거위(iOS),,K7ycD8gltcncKGp,BANNER_320x50_iOS,배너,0,Adpopcorn SSP,1,458,339,337,0,0.082320,73.58,0.00,0.2443
2026-04-18,152630613,황금거위(AOS),,4zLAQUTzDGMz2Oi,황금거위_황금알_IV_Android,전면,0,Adpopcorn SSP,1,10128,2339,1722,591,6.922264,17.00,34.32,4.0199
2026-04-18,152630613,황금거위(AOS),,4zLAQUTzDGMz2Oi,황금거위_황금알_IV_Android,전면,21,AppLovin WF,4,0,0,5,4,0.010000,0.00,80.00,2.0000
2026-04-18,152630613,황금거위(AOS),,4zLAQUTzDGMz2Oi,황금거위_황금알_IV_Android,전면,16,Fyber,4,105,0,16,9,0.016000,15.24,56.25,1.0000
2026-04-18,152630613,황금거위(AOS),,4zLAQUTzDGMz2Oi,황금거위_황금알_IV_Android,전면,34,ID 34,4,6969,6957,4812,294,5.327560,69.05,6.11,1.1071
2026-04-18,152630613,황금거위(AOS),,4zLAQUTzDGMz2Oi,황금거위_황금알_IV_Android,전면,18,Pangle,4,105,76,32,7,0.010000,30.48,21.88,0.3125
2026-04-18,152630613,황금거위(AOS),,4zLAQUTzDGMz2Oi,황금거위_황금알_IV_Android,전면,14,Vungle,4,0,0,1,1,0.000270,0.00,100.00,0.2700
2026-04-18,880605234,황금거위(iOS),,BppkJs2NQiqilXy,황금거위_황금알_IV_iOS,전면,0,Adpopcorn SSP,1,1007,303,82,17,0.273847,8.14,20.73,3.3396
2026-04-18,880605234,황금거위(iOS),,BppkJs2NQiqilXy,황금거위_황금알_IV_iOS,전면,16,Fyber,4,3,0,0,0,0.000000,0.00,0.00,0.0000
2026-04-18,880605234,황금거위(iOS),,BppkJs2NQiqilXy,황금거위_황금알_IV_iOS,전면,34,ID 34,4,874,874,601,23,2.401974,68.76,3.83,3.9966
2026-04-18,880605234,황금거위(iOS),,BppkJs2NQiqilXy,황금거위_황금알_IV_iOS,전면,18,Pangle,4,4,4,2,0,0.000000,50.00,0.00,0.0000
2026-04-19,152630613,황금거위(AOS),,TcKzRUNsjYIQFJs,황금거위_미니게임1_RV_Android,RV,0,Adpopcorn SSP,1,1610,536,376,96,2.645815,23.35,25.53,7.0367
2026-04-19,152630613,황금거위(AOS),,TcKzRUNsjYIQFJs,황금거위_미니게임1_RV_Android,RV,16,Fyber,4,25,0,0,0,0.000000,0.00,0.00,0.0000
2026-04-19,152630613,황금거위(AOS),,TcKzRUNsjYIQFJs,황금거위_미니게임1_RV_Android,RV,34,ID 34,4,909,909,627,52,0.911260,68.98,8.29,1.4534
2026-04-19,152630613,황금거위(AOS),,TcKzRUNsjYIQFJs,황금거위_미니게임1_RV_Android,RV,18,Pangle,4,31,30,16,2,0.000000,51.61,12.50,0.0000
2026-04-19,880605234,황금거위(iOS),,dwOiJPQUsoXKdMT,황금거위_미니게임1_RV_iOS,RV,0,Adpopcorn SSP,1,143,35,9,1,0.034108,6.29,11.11,3.7898
2026-04-19,880605234,황금거위(iOS),,dwOiJPQUsoXKdMT,황금거위_미니게임1_RV_iOS,RV,34,ID 34,4,125,125,89,0,0.498961,71.20,0.00,5.6063
2026-04-19,152630613,황금거위(AOS),,DECp68UA1uOBhfu,황금거위_미니게임2_RV_Android,RV,0,Adpopcorn SSP,1,1175,374,261,70,1.801854,22.21,26.82,6.9037
2026-04-19,152630613,황금거위(AOS),,DECp68UA1uOBhfu,황금거위_미니게임2_RV_Android,RV,21,AppLovin WF,4,0,0,1,0,0.000000,0.00,0.00,0.0000
2026-04-19,152630613,황금거위(AOS),,DECp68UA1uOBhfu,황금거위_미니게임2_RV_Android,RV,16,Fyber,4,8,0,0,0,0.000000,0.00,0.00,0.0000
2026-04-19,152630613,황금거위(AOS),,DECp68UA1uOBhfu,황금거위_미니게임2_RV_Android,RV,34,ID 34,4,674,674,477,61,0.655953,70.77,12.79,1.3752
2026-04-19,152630613,황금거위(AOS),,DECp68UA1uOBhfu,황금거위_미니게임2_RV_Android,RV,18,Pangle,4,9,9,4,0,0.000000,44.44,0.00,0.0000
2026-04-19,880605234,황금거위(iOS),,889ZlHXzRQjWWmw,황금거위_미니게임2_RV_iOS,RV,0,Adpopcorn SSP,1,98,32,7,1,0.032391,7.14,14.29,4.6273
2026-04-19,880605234,황금거위(iOS),,889ZlHXzRQjWWmw,황금거위_미니게임2_RV_iOS,RV,34,ID 34,4,88,88,64,4,0.280522,72.73,6.25,4.3832
2026-04-19,152630613,황금거위(AOS),,AIeWRQ2R5CbBNyO,황금거위_보너스캐시_RV_Android,RV,0,Adpopcorn SSP,1,2251,848,465,169,3.365810,20.66,36.34,7.2383
2026-04-19,152630613,황금거위(AOS),,AIeWRQ2R5CbBNyO,황금거위_보너스캐시_RV_Android,RV,21,AppLovin WF,4,0,0,1,1,0.000000,0.00,100.00,0.0000
2026-04-19,152630613,황금거위(AOS),,AIeWRQ2R5CbBNyO,황금거위_보너스캐시_RV_Android,RV,16,Fyber,4,32,0,2,0,0.002000,6.25,0.00,1.0000
2026-04-19,152630613,황금거위(AOS),,AIeWRQ2R5CbBNyO,황금거위_보너스캐시_RV_Android,RV,34,ID 34,4,1243,1243,637,52,1.010509,51.25,8.16,1.5864
2026-04-19,152630613,황금거위(AOS),,AIeWRQ2R5CbBNyO,황금거위_보너스캐시_RV_Android,RV,18,Pangle,4,25,16,6,2,0.000000,24.00,33.33,0.0000
2026-04-19,152630613,황금거위(AOS),,AIeWRQ2R5CbBNyO,황금거위_보너스캐시_RV_Android,RV,14,Vungle,4,0,0,1,1,0.000230,0.00,100.00,0.2300
2026-04-19,880605234,황금거위(iOS),,efq4IKkCEZ9y55e,황금거위_보너스캐시_RV_iOS,RV,0,Adpopcorn SSP,1,154,29,5,0,0.011045,3.25,0.00,2.2090
2026-04-19,880605234,황금거위(iOS),,efq4IKkCEZ9y55e,황금거위_보너스캐시_RV_iOS,RV,34,ID 34,4,141,141,74,4,0.283168,52.48,5.41,3.8266
2026-04-19,152630613,황금거위(AOS),,nrbMhFxX4AEcFxq,황금거위_출석체크_RV_Android,RV,0,Adpopcorn SSP,1,544,158,77,15,0.396458,14.15,19.48,5.1488
2026-04-19,152630613,황금거위(AOS),,nrbMhFxX4AEcFxq,황금거위_출석체크_RV_Android,RV,21,AppLovin WF,4,0,0,1,1,0.000000,0.00,100.00,0.0000
2026-04-19,152630613,황금거위(AOS),,nrbMhFxX4AEcFxq,황금거위_출석체크_RV_Android,RV,16,Fyber,4,11,0,0,0,0.000000,0.00,0.00,0.0000
2026-04-19,152630613,황금거위(AOS),,nrbMhFxX4AEcFxq,황금거위_출석체크_RV_Android,RV,34,ID 34,4,348,348,170,12,0.278488,48.85,7.06,1.6382
2026-04-19,152630613,황금거위(AOS),,nrbMhFxX4AEcFxq,황금거위_출석체크_RV_Android,RV,18,Pangle,4,10,8,0,0,0.000000,0.00,0.00,0.0000
2026-04-19,152630613,황금거위(AOS),,nrbMhFxX4AEcFxq,황금거위_출석체크_RV_Android,RV,14,Vungle,4,0,0,1,0,0.000461,0.00,0.00,0.4610
2026-04-19,880605234,황금거위(iOS),,pri9mYRn7kAgmbp,황금거위_출석체크_RV_iOS,RV,0,Adpopcorn SSP,1,70,24,6,1,0.023568,8.57,16.67,3.9280
2026-04-19,880605234,황금거위(iOS),,pri9mYRn7kAgmbp,황금거위_출석체크_RV_iOS,RV,34,ID 34,4,57,57,27,0,0.159620,47.37,0.00,5.9119
2026-04-19,152630613,황금거위(AOS),,TKeAFuGGcj4nJkY,BANNER_320x50_ADNROID,배너,0,Adpopcorn SSP,1,6317,4028,4000,4,0.180354,63.32,0.10,0.0451
2026-04-19,880605234,황금거위(iOS),,K7ycD8gltcncKGp,BANNER_320x50_iOS,배너,0,Adpopcorn SSP,1,448,292,291,0,0.058527,64.96,0.00,0.2011
2026-04-19,152630613,황금거위(AOS),,4zLAQUTzDGMz2Oi,황금거위_황금알_IV_Android,전면,0,Adpopcorn SSP,1,9881,2712,2002,760,8.400440,20.26,37.96,4.1960
2026-04-19,152630613,황금거위(AOS),,4zLAQUTzDGMz2Oi,황금거위_황금알_IV_Android,전면,21,AppLovin WF,4,0,0,3,3,0.000000,0.00,100.00,0.0000
2026-04-19,152630613,황금거위(AOS),,4zLAQUTzDGMz2Oi,황금거위_황금알_IV_Android,전면,16,Fyber,4,162,0,31,15,0.031000,19.14,48.39,1.0000
2026-04-19,152630613,황금거위(AOS),,4zLAQUTzDGMz2Oi,황금거위_황금알_IV_Android,전면,34,ID 34,4,6299,6299,4596,325,5.114682,72.96,7.07,1.1129
2026-04-19,152630613,황금거위(AOS),,4zLAQUTzDGMz2Oi,황금거위_황금알_IV_Android,전면,18,Pangle,4,138,91,42,2,0.010000,30.43,4.76,0.2381
2026-04-19,152630613,황금거위(AOS),,4zLAQUTzDGMz2Oi,황금거위_황금알_IV_Android,전면,14,Vungle,4,0,0,2,1,0.000454,0.00,50.00,0.2270
2026-04-19,880605234,황금거위(iOS),,BppkJs2NQiqilXy,황금거위_황금알_IV_iOS,전면,0,Adpopcorn SSP,1,1046,274,74,12,0.382965,7.07,16.22,5.1752
2026-04-19,880605234,황금거위(iOS),,BppkJs2NQiqilXy,황금거위_황금알_IV_iOS,전면,16,Fyber,4,2,0,1,1,0.001000,50.00,100.00,1.0000
2026-04-19,880605234,황금거위(iOS),,BppkJs2NQiqilXy,황금거위_황금알_IV_iOS,전면,34,ID 34,4,908,908,654,30,2.292279,72.03,4.59,3.5050
2026-04-19,880605234,황금거위(iOS),,BppkJs2NQiqilXy,황금거위_황금알_IV_iOS,전면,18,Pangle,4,2,2,1,1,0.000000,50.00,100.00,0.0000
2026-04-20,152630613,황금거위(AOS),,TcKzRUNsjYIQFJs,황금거위_미니게임1_RV_Android,RV,0,Adpopcorn SSP,1,1607,493,326,83,2.139506,20.29,25.46,6.5629
2026-04-20,152630613,황금거위(AOS),,TcKzRUNsjYIQFJs,황금거위_미니게임1_RV_Android,RV,21,AppLovin WF,4,0,0,7,4,0.010000,0.00,57.14,1.4286
2026-04-20,152630613,황금거위(AOS),,TcKzRUNsjYIQFJs,황금거위_미니게임1_RV_Android,RV,16,Fyber,4,425,0,18,5,0.018000,4.24,27.78,1.0000
2026-04-20,152630613,황금거위(AOS),,TcKzRUNsjYIQFJs,황금거위_미니게임1_RV_Android,RV,34,ID 34,4,1024,664,464,13,0.234678,45.31,2.80,0.5058
2026-04-20,152630613,황금거위(AOS),,TcKzRUNsjYIQFJs,황금거위_미니게임1_RV_Android,RV,18,Pangle,4,368,283,181,30,0.070000,49.18,16.57,0.3867
2026-04-20,152630613,황금거위(AOS),,TcKzRUNsjYIQFJs,황금거위_미니게임1_RV_Android,RV,14,Vungle,4,0,0,4,0,0.001755,0.00,0.00,0.4388
2026-04-20,880605234,황금거위(iOS),,dwOiJPQUsoXKdMT,황금거위_미니게임1_RV_iOS,RV,0,Adpopcorn SSP,1,116,39,12,5,0.109904,10.34,41.67,9.1587
2026-04-20,880605234,황금거위(iOS),,dwOiJPQUsoXKdMT,황금거위_미니게임1_RV_iOS,RV,34,ID 34,4,96,96,67,2,0.453229,69.79,2.99,6.7646
2026-04-20,152630613,황금거위(AOS),,DECp68UA1uOBhfu,황금거위_미니게임2_RV_Android,RV,0,Adpopcorn SSP,1,1179,333,218,56,1.168035,18.49,25.69,5.3580
2026-04-20,152630613,황금거위(AOS),,DECp68UA1uOBhfu,황금거위_미니게임2_RV_Android,RV,21,AppLovin WF,4,0,0,5,5,0.010000,0.00,100.00,2.0000
2026-04-20,152630613,황금거위(AOS),,DECp68UA1uOBhfu,황금거위_미니게임2_RV_Android,RV,16,Fyber,4,296,0,11,3,0.011000,3.72,27.27,1.0000
2026-04-20,152630613,황금거위(AOS),,DECp68UA1uOBhfu,황금거위_미니게임2_RV_Android,RV,34,ID 34,4,725,521,365,12,0.153155,50.34,3.29,0.4196
2026-04-20,152630613,황금거위(AOS),,DECp68UA1uOBhfu,황금거위_미니게임2_RV_Android,RV,18,Pangle,4,261,214,150,11,0.050000,57.47,7.33,0.3333
2026-04-20,152630613,황금거위(AOS),,DECp68UA1uOBhfu,황금거위_미니게임2_RV_Android,RV,14,Vungle,4,0,0,3,2,0.000739,0.00,66.67,0.2463
2026-04-20,880605234,황금거위(iOS),,889ZlHXzRQjWWmw,황금거위_미니게임2_RV_iOS,RV,0,Adpopcorn SSP,1,83,29,10,2,0.049858,12.05,20.00,4.9858
2026-04-20,880605234,황금거위(iOS),,889ZlHXzRQjWWmw,황금거위_미니게임2_RV_iOS,RV,34,ID 34,4,69,69,50,0,0.216831,72.46,0.00,4.3366
2026-04-20,152630613,황금거위(AOS),,AIeWRQ2R5CbBNyO,황금거위_보너스캐시_RV_Android,RV,0,Adpopcorn SSP,1,2105,746,359,115,2.172984,17.05,32.03,6.0529
2026-04-20,152630613,황금거위(AOS),,AIeWRQ2R5CbBNyO,황금거위_보너스캐시_RV_Android,RV,21,AppLovin WF,4,0,0,3,0,0.000000,0.00,0.00,0.0000
2026-04-20,152630613,황금거위(AOS),,AIeWRQ2R5CbBNyO,황금거위_보너스캐시_RV_Android,RV,16,Fyber,4,350,0,5,1,0.005000,1.43,20.00,1.0000
2026-04-20,152630613,황금거위(AOS),,AIeWRQ2R5CbBNyO,황금거위_보너스캐시_RV_Android,RV,34,ID 34,4,1189,984,498,21,0.780698,41.88,4.22,1.5677
2026-04-20,152630613,황금거위(AOS),,AIeWRQ2R5CbBNyO,황금거위_보너스캐시_RV_Android,RV,18,Pangle,4,290,240,106,20,0.040000,36.55,18.87,0.3774
2026-04-20,152630613,황금거위(AOS),,AIeWRQ2R5CbBNyO,황금거위_보너스캐시_RV_Android,RV,14,Vungle,4,0,0,2,0,0.000630,0.00,0.00,0.3150
2026-04-20,880605234,황금거위(iOS),,efq4IKkCEZ9y55e,황금거위_보너스캐시_RV_iOS,RV,0,Adpopcorn SSP,1,138,32,8,0,0.017496,5.80,0.00,2.1870
2026-04-20,880605234,황금거위(iOS),,efq4IKkCEZ9y55e,황금거위_보너스캐시_RV_iOS,RV,21,AppLovin WF,4,0,0,1,1,0.000000,0.00,100.00,0.0000
2026-04-20,880605234,황금거위(iOS),,efq4IKkCEZ9y55e,황금거위_보너스캐시_RV_iOS,RV,16,Fyber,4,2,0,0,0,0.000000,0.00,0.00,0.0000
2026-04-20,880605234,황금거위(iOS),,efq4IKkCEZ9y55e,황금거위_보너스캐시_RV_iOS,RV,34,ID 34,4,118,118,58,0,0.251836,49.15,0.00,4.3420
2026-04-20,152630613,황금거위(AOS),,nrbMhFxX4AEcFxq,황금거위_출석체크_RV_Android,RV,0,Adpopcorn SSP,1,814,255,127,28,0.640507,15.60,22.05,5.0434
2026-04-20,152630613,황금거위(AOS),,nrbMhFxX4AEcFxq,황금거위_출석체크_RV_Android,RV,21,AppLovin WF,4,0,0,5,3,0.010000,0.00,60.00,2.0000
2026-04-20,152630613,황금거위(AOS),,nrbMhFxX4AEcFxq,황금거위_출석체크_RV_Android,RV,16,Fyber,4,241,0,8,4,0.008000,3.32,50.00,1.0000
2026-04-20,152630613,황금거위(AOS),,nrbMhFxX4AEcFxq,황금거위_출석체크_RV_Android,RV,34,ID 34,4,486,329,158,7,0.273124,32.51,4.43,1.7286
2026-04-20,152630613,황금거위(AOS),,nrbMhFxX4AEcFxq,황금거위_출석체크_RV_Android,RV,18,Pangle,4,214,196,85,17,0.030000,39.72,20.00,0.3529
2026-04-20,152630613,황금거위(AOS),,nrbMhFxX4AEcFxq,황금거위_출석체크_RV_Android,RV,14,Vungle,4,0,0,1,1,0.000610,0.00,100.00,0.6100
2026-04-20,880605234,황금거위(iOS),,pri9mYRn7kAgmbp,황금거위_출석체크_RV_iOS,RV,0,Adpopcorn SSP,1,61,18,0,0,0.000000,0.00,0.00,0.0000
2026-04-20,880605234,황금거위(iOS),,pri9mYRn7kAgmbp,황금거위_출석체크_RV_iOS,RV,34,ID 34,4,59,59,30,1,0.144200,50.85,3.33,4.8067
2026-04-20,152630613,황금거위(AOS),,XvgdJsTGilO5s0n,황금거위_황금알_RV_Android,RV,0,Adpopcorn SSP,1,3,0,0,0,0.000000,0.00,0.00,0.0000
2026-04-20,152630613,황금거위(AOS),,XvgdJsTGilO5s0n,황금거위_황금알_RV_Android,RV,34,ID 34,4,3,3,2,0,0.006050,66.67,0.00,3.0250
2026-04-20,152630613,황금거위(AOS),,TKeAFuGGcj4nJkY,BANNER_320x50_ADNROID,배너,0,Adpopcorn SSP,1,5872,3498,3374,1,0.162478,57.46,0.03,0.0482
2026-04-20,880605234,황금거위(iOS),,K7ycD8gltcncKGp,BANNER_320x50_iOS,배너,0,Adpopcorn SSP,1,413,283,269,0,0.075372,65.13,0.00,0.2802
2026-04-20,152630613,황금거위(AOS),,4zLAQUTzDGMz2Oi,황금거위_황금알_IV_Android,전면,0,Adpopcorn SSP,1,10510,2545,1803,668,8.154957,17.16,37.05,4.5230
2026-04-20,152630613,황금거위(AOS),,4zLAQUTzDGMz2Oi,황금거위_황금알_IV_Android,전면,21,AppLovin WF,4,0,0,57,34,0.060000,0.00,59.65,1.0526
2026-04-20,152630613,황금거위(AOS),,4zLAQUTzDGMz2Oi,황금거위_황금알_IV_Android,전면,16,Fyber,4,3129,0,240,115,0.240000,7.67,47.92,1.0000
2026-04-20,152630613,황금거위(AOS),,4zLAQUTzDGMz2Oi,황금거위_황금알_IV_Android,전면,34,ID 34,4,7396,5051,3623,202,4.786989,48.99,5.58,1.3213
2026-04-20,152630613,황금거위(AOS),,4zLAQUTzDGMz2Oi,황금거위_황금알_IV_Android,전면,18,Pangle,4,2342,1470,1169,207,0.460000,49.91,17.71,0.3935
2026-04-20,152630613,황금거위(AOS),,4zLAQUTzDGMz2Oi,황금거위_황금알_IV_Android,전면,14,Vungle,4,0,0,27,6,0.011024,0.00,22.22,0.4083
2026-04-20,880605234,황금거위(iOS),,BppkJs2NQiqilXy,황금거위_황금알_IV_iOS,전면,0,Adpopcorn SSP,1,977,267,69,14,0.468063,7.06,20.29,6.7835
2026-04-20,880605234,황금거위(iOS),,BppkJs2NQiqilXy,황금거위_황금알_IV_iOS,전면,16,Fyber,4,6,0,1,1,0.001000,16.67,100.00,1.0000
2026-04-20,880605234,황금거위(iOS),,BppkJs2NQiqilXy,황금거위_황금알_IV_iOS,전면,34,ID 34,4,835,835,569,44,1.998276,68.14,7.73,3.5119
2026-04-20,880605234,황금거위(iOS),,BppkJs2NQiqilXy,황금거위_황금알_IV_iOS,전면,18,Pangle,4,6,6,3,1,0.000000,50.00,33.33,0.0000
2026-04-21,152630613,황금거위(AOS),,TcKzRUNsjYIQFJs,황금거위_미니게임1_RV_Android,RV,0,Adpopcorn SSP,1,1854,424,298,92,2.906014,16.07,30.87,9.7517
2026-04-21,152630613,황금거위(AOS),,TcKzRUNsjYIQFJs,황금거위_미니게임1_RV_Android,RV,21,AppLovin WF,4,0,0,80,40,0.080000,0.00,50.00,1.0000
2026-04-21,152630613,황금거위(AOS),,TcKzRUNsjYIQFJs,황금거위_미니게임1_RV_Android,RV,16,Fyber,4,1408,0,87,10,0.087000,6.18,11.49,1.0000
2026-04-21,152630613,황금거위(AOS),,TcKzRUNsjYIQFJs,황금거위_미니게임1_RV_Android,RV,34,ID 34,4,1198,106,86,4,0.152454,7.18,4.65,1.7727
2026-04-21,152630613,황금거위(AOS),,TcKzRUNsjYIQFJs,황금거위_미니게임1_RV_Android,RV,18,Pangle,4,1197,754,510,123,0.260000,42.61,24.12,0.5098
2026-04-21,152630613,황금거위(AOS),,TcKzRUNsjYIQFJs,황금거위_미니게임1_RV_Android,RV,14,Vungle,4,0,0,46,13,0.018712,0.00,28.26,0.4068
2026-04-21,880605234,황금거위(iOS),,dwOiJPQUsoXKdMT,황금거위_미니게임1_RV_iOS,RV,0,Adpopcorn SSP,1,96,36,4,1,0.010148,4.17,25.00,2.5370
2026-04-21,880605234,황금거위(iOS),,dwOiJPQUsoXKdMT,황금거위_미니게임1_RV_iOS,RV,16,Fyber,4,1,0,0,0,0.000000,0.00,0.00,0.0000
2026-04-21,880605234,황금거위(iOS),,dwOiJPQUsoXKdMT,황금거위_미니게임1_RV_iOS,RV,34,ID 34,4,91,91,65,2,0.219681,71.43,3.08,3.3797
2026-04-21,152630613,황금거위(AOS),,DECp68UA1uOBhfu,황금거위_미니게임2_RV_Android,RV,0,Adpopcorn SSP,1,1298,291,200,51,1.254393,15.41,25.50,6.2720
2026-04-21,152630613,황금거위(AOS),,DECp68UA1uOBhfu,황금거위_미니게임2_RV_Android,RV,21,AppLovin WF,4,0,0,47,22,0.050000,0.00,46.81,1.0638
2026-04-21,152630613,황금거위(AOS),,DECp68UA1uOBhfu,황금거위_미니게임2_RV_Android,RV,16,Fyber,4,996,0,72,6,0.072000,7.23,8.33,1.0000
2026-04-21,152630613,황금거위(AOS),,DECp68UA1uOBhfu,황금거위_미니게임2_RV_Android,RV,34,ID 34,4,1025,89,65,0,0.119860,6.34,0.00,1.8440
2026-04-21,152630613,황금거위(AOS),,DECp68UA1uOBhfu,황금거위_미니게임2_RV_Android,RV,18,Pangle,4,833,606,420,80,0.200000,50.42,19.05,0.4762
2026-04-21,152630613,황금거위(AOS),,DECp68UA1uOBhfu,황금거위_미니게임2_RV_Android,RV,14,Vungle,4,0,0,27,5,0.011506,0.00,18.52,0.4261
2026-04-21,880605234,황금거위(iOS),,889ZlHXzRQjWWmw,황금거위_미니게임2_RV_iOS,RV,0,Adpopcorn SSP,1,77,20,4,3,0.013120,5.19,75.00,3.2800
2026-04-21,880605234,황금거위(iOS),,889ZlHXzRQjWWmw,황금거위_미니게임2_RV_iOS,RV,34,ID 34,4,66,66,46,1,0.088050,69.70,2.17,1.9141
2026-04-21,152630613,황금거위(AOS),,AIeWRQ2R5CbBNyO,황금거위_보너스캐시_RV_Android,RV,0,Adpopcorn SSP,1,2200,525,279,99,2.041983,12.68,35.48,7.3189
2026-04-21,152630613,황금거위(AOS),,AIeWRQ2R5CbBNyO,황금거위_보너스캐시_RV_Android,RV,21,AppLovin WF,4,0,0,20,7,0.020000,0.00,35.00,1.0000
2026-04-21,152630613,황금거위(AOS),,AIeWRQ2R5CbBNyO,황금거위_보너스캐시_RV_Android,RV,16,Fyber,4,815,0,34,5,0.034000,4.17,14.71,1.0000
2026-04-21,152630613,황금거위(AOS),,AIeWRQ2R5CbBNyO,황금거위_보너스캐시_RV_Android,RV,34,ID 34,4,1730,805,446,31,1.040658,25.78,6.95,2.3333
2026-04-21,152630613,황금거위(AOS),,AIeWRQ2R5CbBNyO,황금거위_보너스캐시_RV_Android,RV,18,Pangle,4,753,594,290,56,0.120000,38.51,19.31,0.4138
2026-04-21,152630613,황금거위(AOS),,AIeWRQ2R5CbBNyO,황금거위_보너스캐시_RV_Android,RV,14,Vungle,4,0,0,7,1,0.006473,0.00,14.29,0.9247
2026-04-21,880605234,황금거위(iOS),,efq4IKkCEZ9y55e,황금거위_보너스캐시_RV_iOS,RV,0,Adpopcorn SSP,1,141,47,3,1,0.006459,2.13,33.33,2.1530
2026-04-21,880605234,황금거위(iOS),,efq4IKkCEZ9y55e,황금거위_보너스캐시_RV_iOS,RV,34,ID 34,4,133,133,68,1,0.331813,51.13,1.47,4.8796
2026-04-21,152630613,황금거위(AOS),,nrbMhFxX4AEcFxq,황금거위_출석체크_RV_Android,RV,0,Adpopcorn SSP,1,529,172,90,27,0.683930,17.01,30.00,7.5992
2026-04-21,152630613,황금거위(AOS),,nrbMhFxX4AEcFxq,황금거위_출석체크_RV_Android,RV,21,AppLovin WF,4,0,0,3,0,0.000000,0.00,0.00,0.0000
2026-04-21,152630613,황금거위(AOS),,nrbMhFxX4AEcFxq,황금거위_출석체크_RV_Android,RV,16,Fyber,4,133,0,3,1,0.003000,2.26,33.33,1.0000
2026-04-21,152630613,황금거위(AOS),,nrbMhFxX4AEcFxq,황금거위_출석체크_RV_Android,RV,34,ID 34,4,364,219,99,3,0.210460,27.20,3.03,2.1259
2026-04-21,152630613,황금거위(AOS),,nrbMhFxX4AEcFxq,황금거위_출석체크_RV_Android,RV,18,Pangle,4,142,113,46,8,0.020000,32.39,17.39,0.4348
2026-04-21,152630613,황금거위(AOS),,nrbMhFxX4AEcFxq,황금거위_출석체크_RV_Android,RV,14,Vungle,4,0,0,2,0,0.000524,0.00,0.00,0.2620
2026-04-21,880605234,황금거위(iOS),,pri9mYRn7kAgmbp,황금거위_출석체크_RV_iOS,RV,0,Adpopcorn SSP,1,66,31,0,0,0.000000,0.00,0.00,0.0000
2026-04-21,880605234,황금거위(iOS),,pri9mYRn7kAgmbp,황금거위_출석체크_RV_iOS,RV,34,ID 34,4,66,66,33,1,0.132103,50.00,3.03,4.0031
2026-04-21,152630613,황금거위(AOS),,XvgdJsTGilO5s0n,황금거위_황금알_RV_Android,RV,0,Adpopcorn SSP,1,1,0,0,0,0.000000,0.00,0.00,0.0000
2026-04-21,152630613,황금거위(AOS),,XvgdJsTGilO5s0n,황금거위_황금알_RV_Android,RV,34,ID 34,4,1,1,1,1,0.001213,100.00,100.00,1.2130
2026-04-21,880605234,황금거위(iOS),,RQeUixRooxXfCLZ,황금거위_황금알_RV_iOS,RV,0,Adpopcorn SSP,1,1,1,0,0,0.000000,0.00,0.00,0.0000
2026-04-21,152630613,황금거위(AOS),,TKeAFuGGcj4nJkY,BANNER_320x50_ADNROID,배너,0,Adpopcorn SSP,1,5703,3406,3377,3,0.186128,59.21,0.09,0.0551
2026-04-21,880605234,황금거위(iOS),,K7ycD8gltcncKGp,BANNER_320x50_iOS,배너,0,Adpopcorn SSP,1,362,246,246,0,0.049941,67.96,0.00,0.2030
2026-04-21,152630613,황금거위(AOS),,4zLAQUTzDGMz2Oi,황금거위_황금알_IV_Android,전면,0,Adpopcorn SSP,1,12147,1987,1447,519,8.526455,11.91,35.87,5.8925
2026-04-21,152630613,황금거위(AOS),,4zLAQUTzDGMz2Oi,황금거위_황금알_IV_Android,전면,21,AppLovin WF,4,0,0,76,60,0.080000,0.00,78.95,1.0526
2026-04-21,152630613,황금거위(AOS),,4zLAQUTzDGMz2Oi,황금거위_황금알_IV_Android,전면,16,Fyber,4,6957,0,469,283,0.469000,6.74,60.34,1.0000
2026-04-21,152630613,황금거위(AOS),,4zLAQUTzDGMz2Oi,황금거위_황금알_IV_Android,전면,34,ID 34,4,9651,3103,2353,88,4.740656,24.38,3.74,2.0147
2026-04-21,152630613,황금거위(AOS),,4zLAQUTzDGMz2Oi,황금거위_황금알_IV_Android,전면,18,Pangle,4,6108,3144,2443,418,1.070000,40.00,17.11,0.4380
2026-04-21,152630613,황금거위(AOS),,4zLAQUTzDGMz2Oi,황금거위_황금알_IV_Android,전면,14,Vungle,4,0,0,121,34,0.048550,0.00,28.10,0.4012
2026-04-21,880605234,황금거위(iOS),,BppkJs2NQiqilXy,황금거위_황금알_IV_iOS,전면,0,Adpopcorn SSP,1,951,299,13,3,0.038783,1.37,23.08,2.9833
2026-04-21,880605234,황금거위(iOS),,BppkJs2NQiqilXy,황금거위_황금알_IV_iOS,전면,16,Fyber,4,4,0,0,0,0.000000,0.00,0.00,0.0000
2026-04-21,880605234,황금거위(iOS),,BppkJs2NQiqilXy,황금거위_황금알_IV_iOS,전면,34,ID 34,4,916,916,635,24,1.995233,69.32,3.78,3.1421
2026-04-21,880605234,황금거위(iOS),,BppkJs2NQiqilXy,황금거위_황금알_IV_iOS,전면,18,Pangle,4,3,1,0,0,0.000000,0.00,0.00,0.0000
2026-04-22,152630613,황금거위(AOS),,TcKzRUNsjYIQFJs,황금거위_미니게임1_RV_Android,RV,0,Adpopcorn SSP,1,2108,371,254,95,1.935732,12.05,37.40,7.6210
2026-04-22,152630613,황금거위(AOS),,TcKzRUNsjYIQFJs,황금거위_미니게임1_RV_Android,RV,21,AppLovin WF,4,0,0,66,48,0.070000,0.00,72.73,1.0606
2026-04-22,152630613,황금거위(AOS),,TcKzRUNsjYIQFJs,황금거위_미니게임1_RV_Android,RV,16,Fyber,4,1567,0,115,22,0.115000,7.34,19.13,1.0000
2026-04-22,152630613,황금거위(AOS),,TcKzRUNsjYIQFJs,황금거위_미니게임1_RV_Android,RV,34,ID 34,4,1723,175,126,9,0.322597,7.31,7.14,2.5603
2026-04-22,152630613,황금거위(AOS),,TcKzRUNsjYIQFJs,황금거위_미니게임1_RV_Android,RV,18,Pangle,4,1399,827,553,101,0.340000,39.53,18.26,0.6148
2026-04-22,152630613,황금거위(AOS),,TcKzRUNsjYIQFJs,황금거위_미니게임1_RV_Android,RV,14,Vungle,4,0,0,25,6,0.008577,0.00,24.00,0.3431
2026-04-22,880605234,황금거위(iOS),,dwOiJPQUsoXKdMT,황금거위_미니게임1_RV_iOS,RV,0,Adpopcorn SSP,1,142,63,0,0,0.000000,0.00,0.00,0.0000
2026-04-22,880605234,황금거위(iOS),,dwOiJPQUsoXKdMT,황금거위_미니게임1_RV_iOS,RV,16,Fyber,4,1,0,0,0,0.000000,0.00,0.00,0.0000
2026-04-22,880605234,황금거위(iOS),,dwOiJPQUsoXKdMT,황금거위_미니게임1_RV_iOS,RV,34,ID 34,4,143,143,100,2,0.410259,69.93,2.00,4.1026
2026-04-22,880605234,황금거위(iOS),,dwOiJPQUsoXKdMT,황금거위_미니게임1_RV_iOS,RV,18,Pangle,4,1,1,0,0,0.000000,0.00,0.00,0.0000
2026-04-22,152630613,황금거위(AOS),,DECp68UA1uOBhfu,황금거위_미니게임2_RV_Android,RV,0,Adpopcorn SSP,1,1365,234,167,63,1.247212,12.23,37.72,7.4683
2026-04-22,152630613,황금거위(AOS),,DECp68UA1uOBhfu,황금거위_미니게임2_RV_Android,RV,21,AppLovin WF,4,0,0,36,18,0.040000,0.00,50.00,1.1111
2026-04-22,152630613,황금거위(AOS),,DECp68UA1uOBhfu,황금거위_미니게임2_RV_Android,RV,16,Fyber,4,1013,0,57,7,0.057000,5.63,12.28,1.0000
2026-04-22,152630613,황금거위(AOS),,DECp68UA1uOBhfu,황금거위_미니게임2_RV_Android,RV,34,ID 34,4,962,98,69,7,0.128012,7.17,10.14,1.8552
2026-04-22,152630613,황금거위(AOS),,DECp68UA1uOBhfu,황금거위_미니게임2_RV_Android,RV,18,Pangle,4,922,651,461,60,0.250000,50.00,13.02,0.5423
2026-04-22,152630613,황금거위(AOS),,DECp68UA1uOBhfu,황금거위_미니게임2_RV_Android,RV,14,Vungle,4,0,0,16,3,0.005686,0.00,18.75,0.3554
2026-04-22,880605234,황금거위(iOS),,889ZlHXzRQjWWmw,황금거위_미니게임2_RV_iOS,RV,0,Adpopcorn SSP,1,96,31,11,4,0.065484,11.46,36.36,5.9531
2026-04-22,880605234,황금거위(iOS),,889ZlHXzRQjWWmw,황금거위_미니게임2_RV_iOS,RV,34,ID 34,4,81,81,57,1,0.134568,70.37,1.75,2.3608
2026-04-22,152630613,황금거위(AOS),,AIeWRQ2R5CbBNyO,황금거위_보너스캐시_RV_Android,RV,0,Adpopcorn SSP,1,2179,395,199,87,1.826031,9.13,43.72,9.1760
2026-04-22,152630613,황금거위(AOS),,AIeWRQ2R5CbBNyO,황금거위_보너스캐시_RV_Android,RV,21,AppLovin WF,4,0,0,11,5,0.010000,0.00,45.45,0.9091
2026-04-22,152630613,황금거위(AOS),,AIeWRQ2R5CbBNyO,황금거위_보너스캐시_RV_Android,RV,16,Fyber,4,612,0,15,1,0.015000,2.45,6.67,1.0000
2026-04-22,152630613,황금거위(AOS),,AIeWRQ2R5CbBNyO,황금거위_보너스캐시_RV_Android,RV,34,ID 34,4,1804,1042,544,37,1.405556,30.16,6.80,2.5837
2026-04-22,152630613,황금거위(AOS),,AIeWRQ2R5CbBNyO,황금거위_보너스캐시_RV_Android,RV,18,Pangle,4,592,528,258,39,0.120000,43.58,15.12,0.4651
2026-04-22,152630613,황금거위(AOS),,AIeWRQ2R5CbBNyO,황금거위_보너스캐시_RV_Android,RV,14,Vungle,4,0,0,6,1,0.002346,0.00,16.67,0.3910
2026-04-22,880605234,황금거위(iOS),,efq4IKkCEZ9y55e,황금거위_보너스캐시_RV_iOS,RV,0,Adpopcorn SSP,1,167,60,0,0,0.000000,0.00,0.00,0.0000
2026-04-22,880605234,황금거위(iOS),,efq4IKkCEZ9y55e,황금거위_보너스캐시_RV_iOS,RV,34,ID 34,4,163,163,86,0,0.434163,52.76,0.00,5.0484
2026-04-22,152630613,황금거위(AOS),,nrbMhFxX4AEcFxq,황금거위_출석체크_RV_Android,RV,0,Adpopcorn SSP,1,793,229,111,30,0.762632,14.00,27.03,6.8706
2026-04-22,152630613,황금거위(AOS),,nrbMhFxX4AEcFxq,황금거위_출석체크_RV_Android,RV,16,Fyber,4,191,0,4,0,0.004000,2.09,0.00,1.0000
2026-04-22,152630613,황금거위(AOS),,nrbMhFxX4AEcFxq,황금거위_출석체크_RV_Android,RV,34,ID 34,4,551,358,180,14,0.447266,32.67,7.78,2.4848
2026-04-22,152630613,황금거위(AOS),,nrbMhFxX4AEcFxq,황금거위_출석체크_RV_Android,RV,18,Pangle,4,188,176,73,8,0.030000,38.83,10.96,0.4110
2026-04-22,152630613,황금거위(AOS),,nrbMhFxX4AEcFxq,황금거위_출석체크_RV_Android,RV,14,Vungle,4,0,0,1,0,0.000237,0.00,0.00,0.2370
2026-04-22,880605234,황금거위(iOS),,pri9mYRn7kAgmbp,황금거위_출석체크_RV_iOS,RV,0,Adpopcorn SSP,1,74,22,0,0,0.000000,0.00,0.00,0.0000
2026-04-22,880605234,황금거위(iOS),,pri9mYRn7kAgmbp,황금거위_출석체크_RV_iOS,RV,34,ID 34,4,72,72,35,0,0.145491,48.61,0.00,4.1569
2026-04-22,152630613,황금거위(AOS),,XvgdJsTGilO5s0n,황금거위_황금알_RV_Android,RV,0,Adpopcorn SSP,1,1,0,0,0,0.000000,0.00,0.00,0.0000
2026-04-22,152630613,황금거위(AOS),,XvgdJsTGilO5s0n,황금거위_황금알_RV_Android,RV,16,Fyber,4,1,0,0,0,0.000000,0.00,0.00,0.0000
2026-04-22,152630613,황금거위(AOS),,XvgdJsTGilO5s0n,황금거위_황금알_RV_Android,RV,34,ID 34,4,1,1,0,0,0.000000,0.00,0.00,0.0000
2026-04-22,152630613,황금거위(AOS),,XvgdJsTGilO5s0n,황금거위_황금알_RV_Android,RV,18,Pangle,4,1,1,0,0,0.000000,0.00,0.00,0.0000
2026-04-22,152630613,황금거위(AOS),,TKeAFuGGcj4nJkY,BANNER_320x50_ADNROID,배너,0,Adpopcorn SSP,1,5989,3504,3470,4,0.172089,57.94,0.12,0.0496
2026-04-22,880605234,황금거위(iOS),,K7ycD8gltcncKGp,BANNER_320x50_iOS,배너,0,Adpopcorn SSP,1,479,331,330,0,0.077441,68.89,0.00,0.2347
2026-04-22,152630613,황금거위(AOS),,4zLAQUTzDGMz2Oi,황금거위_황금알_IV_Android,전면,0,Adpopcorn SSP,1,12305,1621,1162,368,7.356612,9.44,31.67,6.3310
2026-04-22,152630613,황금거위(AOS),,4zLAQUTzDGMz2Oi,황금거위_황금알_IV_Android,전면,21,AppLovin WF,4,0,0,126,98,0.130000,0.00,77.78,1.0317
2026-04-22,152630613,황금거위(AOS),,4zLAQUTzDGMz2Oi,황금거위_황금알_IV_Android,전면,16,Fyber,4,5880,0,270,131,0.270000,4.59,48.52,1.0000
2026-04-22,152630613,황금거위(AOS),,4zLAQUTzDGMz2Oi,황금거위_황금알_IV_Android,전면,34,ID 34,4,10121,4141,3064,165,6.963940,30.27,5.39,2.2728
2026-04-22,152630613,황금거위(AOS),,4zLAQUTzDGMz2Oi,황금거위_황금알_IV_Android,전면,18,Pangle,4,5658,3045,2328,388,0.950000,41.15,16.67,0.4081
2026-04-22,152630613,황금거위(AOS),,4zLAQUTzDGMz2Oi,황금거위_황금알_IV_Android,전면,14,Vungle,4,0,0,95,35,0.036093,0.00,36.84,0.3799
2026-04-22,880605234,황금거위(iOS),,BppkJs2NQiqilXy,황금거위_황금알_IV_iOS,전면,0,Adpopcorn SSP,1,1077,368,0,0,0.000000,0.00,0.00,0.0000
2026-04-22,880605234,황금거위(iOS),,BppkJs2NQiqilXy,황금거위_황금알_IV_iOS,전면,16,Fyber,4,3,0,1,1,0.001000,33.33,100.00,1.0000
2026-04-22,880605234,황금거위(iOS),,BppkJs2NQiqilXy,황금거위_황금알_IV_iOS,전면,34,ID 34,4,1055,1055,720,34,2.234237,68.25,4.72,3.1031
2026-04-22,880605234,황금거위(iOS),,BppkJs2NQiqilXy,황금거위_황금알_IV_iOS,전면,18,Pangle,4,2,2,1,0,0.000000,50.00,0.00,0.0000
2026-04-23,152630613,황금거위(AOS),,TcKzRUNsjYIQFJs,황금거위_미니게임1_RV_Android,RV,0,Adpopcorn SSP,1,1996,436,313,104,3.057257,15.68,33.23,9.7676
2026-04-23,152630613,황금거위(AOS),,TcKzRUNsjYIQFJs,황금거위_미니게임1_RV_Android,RV,21,AppLovin WF,4,0,0,54,27,0.050000,0.00,50.00,0.9259
2026-04-23,152630613,황금거위(AOS),,TcKzRUNsjYIQFJs,황금거위_미니게임1_RV_Android,RV,16,Fyber,4,1387,0,65,14,0.065000,4.69,21.54,1.0000
2026-04-23,152630613,황금거위(AOS),,TcKzRUNsjYIQFJs,황금거위_미니게임1_RV_Android,RV,34,ID 34,4,1524,179,127,5,0.297492,8.33,3.94,2.3425
2026-04-23,152630613,황금거위(AOS),,TcKzRUNsjYIQFJs,황금거위_미니게임1_RV_Android,RV,18,Pangle,4,1220,841,583,92,0.310000,47.79,15.78,0.5317
2026-04-23,152630613,황금거위(AOS),,TcKzRUNsjYIQFJs,황금거위_미니게임1_RV_Android,RV,14,Vungle,4,0,0,38,14,0.013845,0.00,36.84,0.3643
2026-04-23,880605234,황금거위(iOS),,dwOiJPQUsoXKdMT,황금거위_미니게임1_RV_iOS,RV,0,Adpopcorn SSP,1,134,54,0,0,0.000000,0.00,0.00,0.0000
2026-04-23,880605234,황금거위(iOS),,dwOiJPQUsoXKdMT,황금거위_미니게임1_RV_iOS,RV,34,ID 34,4,130,130,92,6,0.773023,70.77,6.52,8.4024
2026-04-23,152630613,황금거위(AOS),,DECp68UA1uOBhfu,황금거위_미니게임2_RV_Android,RV,0,Adpopcorn SSP,1,1354,265,187,54,1.660742,13.81,28.88,8.8810
2026-04-23,152630613,황금거위(AOS),,DECp68UA1uOBhfu,황금거위_미니게임2_RV_Android,RV,21,AppLovin WF,4,0,0,31,11,0.030000,0.00,35.48,0.9677
2026-04-23,152630613,황금거위(AOS),,DECp68UA1uOBhfu,황금거위_미니게임2_RV_Android,RV,16,Fyber,4,1000,0,34,8,0.034000,3.40,23.53,1.0000
2026-04-23,152630613,황금거위(AOS),,DECp68UA1uOBhfu,황금거위_미니게임2_RV_Android,RV,34,ID 34,4,1084,112,79,2,0.189656,7.29,2.53,2.4007
2026-04-23,152630613,황금거위(AOS),,DECp68UA1uOBhfu,황금거위_미니게임2_RV_Android,RV,18,Pangle,4,888,666,467,77,0.240000,52.59,16.49,0.5139
2026-04-23,152630613,황금거위(AOS),,DECp68UA1uOBhfu,황금거위_미니게임2_RV_Android,RV,14,Vungle,4,0,0,23,6,0.010912,0.00,26.09,0.4744
2026-04-23,880605234,황금거위(iOS),,889ZlHXzRQjWWmw,황금거위_미니게임2_RV_iOS,RV,0,Adpopcorn SSP,1,96,42,4,0,0.015970,4.17,0.00,3.9925
2026-04-23,880605234,황금거위(iOS),,889ZlHXzRQjWWmw,황금거위_미니게임2_RV_iOS,RV,16,Fyber,4,1,0,0,0,0.000000,0.00,0.00,0.0000
2026-04-23,880605234,황금거위(iOS),,889ZlHXzRQjWWmw,황금거위_미니게임2_RV_iOS,RV,34,ID 34,4,80,80,58,4,0.232645,72.50,6.90,4.0111
2026-04-23,880605234,황금거위(iOS),,889ZlHXzRQjWWmw,황금거위_미니게임2_RV_iOS,RV,18,Pangle,4,2,2,1,0,0.000000,50.00,0.00,0.0000
2026-04-23,152630613,황금거위(AOS),,AIeWRQ2R5CbBNyO,황금거위_보너스캐시_RV_Android,RV,0,Adpopcorn SSP,1,2146,416,218,78,2.134606,10.16,35.78,9.7918
2026-04-23,152630613,황금거위(AOS),,AIeWRQ2R5CbBNyO,황금거위_보너스캐시_RV_Android,RV,21,AppLovin WF,4,0,0,2,1,0.000000,0.00,50.00,0.0000
2026-04-23,152630613,황금거위(AOS),,AIeWRQ2R5CbBNyO,황금거위_보너스캐시_RV_Android,RV,16,Fyber,4,520,0,9,2,0.009000,1.73,22.22,1.0000
2026-04-23,152630613,황금거위(AOS),,AIeWRQ2R5CbBNyO,황금거위_보너스캐시_RV_Android,RV,34,ID 34,4,1637,1137,587,38,1.579328,35.86,6.47,2.6905
2026-04-23,152630613,황금거위(AOS),,AIeWRQ2R5CbBNyO,황금거위_보너스캐시_RV_Android,RV,18,Pangle,4,496,429,201,34,0.090000,40.52,16.92,0.4478
2026-04-23,152630613,황금거위(AOS),,AIeWRQ2R5CbBNyO,황금거위_보너스캐시_RV_Android,RV,14,Vungle,4,0,0,7,1,0.003570,0.00,14.29,0.5100
2026-04-23,880605234,황금거위(iOS),,efq4IKkCEZ9y55e,황금거위_보너스캐시_RV_iOS,RV,0,Adpopcorn SSP,1,186,71,0,0,0.000000,0.00,0.00,0.0000
2026-04-23,880605234,황금거위(iOS),,efq4IKkCEZ9y55e,황금거위_보너스캐시_RV_iOS,RV,16,Fyber,4,2,0,1,0,0.001000,50.00,0.00,1.0000
2026-04-23,880605234,황금거위(iOS),,efq4IKkCEZ9y55e,황금거위_보너스캐시_RV_iOS,RV,34,ID 34,4,182,182,95,4,0.458627,52.20,4.21,4.8277
2026-04-23,880605234,황금거위(iOS),,efq4IKkCEZ9y55e,황금거위_보너스캐시_RV_iOS,RV,18,Pangle,4,2,2,1,0,0.000000,50.00,0.00,0.0000
2026-04-23,152630613,황금거위(AOS),,nrbMhFxX4AEcFxq,황금거위_출석체크_RV_Android,RV,0,Adpopcorn SSP,1,861,222,100,30,0.545873,11.61,30.00,5.4587
2026-04-23,152630613,황금거위(AOS),,nrbMhFxX4AEcFxq,황금거위_출석체크_RV_Android,RV,21,AppLovin WF,4,0,0,1,1,0.000000,0.00,100.00,0.0000
2026-04-23,152630613,황금거위(AOS),,nrbMhFxX4AEcFxq,황금거위_출석체크_RV_Android,RV,16,Fyber,4,281,0,6,5,0.006000,2.14,83.33,1.0000
2026-04-23,152630613,황금거위(AOS),,nrbMhFxX4AEcFxq,황금거위_출석체크_RV_Android,RV,34,ID 34,4,654,389,196,8,0.525393,29.97,4.08,2.6806
2026-04-23,152630613,황금거위(AOS),,nrbMhFxX4AEcFxq,황금거위_출석체크_RV_Android,RV,18,Pangle,4,260,197,89,17,0.040000,34.23,19.10,0.4494
2026-04-23,152630613,황금거위(AOS),,nrbMhFxX4AEcFxq,황금거위_출석체크_RV_Android,RV,14,Vungle,4,0,0,1,0,0.000442,0.00,0.00,0.4420
2026-04-23,880605234,황금거위(iOS),,pri9mYRn7kAgmbp,황금거위_출석체크_RV_iOS,RV,0,Adpopcorn SSP,1,71,24,0,0,0.000000,0.00,0.00,0.0000
2026-04-23,880605234,황금거위(iOS),,pri9mYRn7kAgmbp,황금거위_출석체크_RV_iOS,RV,34,ID 34,4,69,69,35,1,0.234693,50.72,2.86,6.7055
2026-04-23,152630613,황금거위(AOS),,XvgdJsTGilO5s0n,황금거위_황금알_RV_Android,RV,0,Adpopcorn SSP,1,1,0,0,0,0.000000,0.00,0.00,0.0000
2026-04-23,152630613,황금거위(AOS),,XvgdJsTGilO5s0n,황금거위_황금알_RV_Android,RV,16,Fyber,4,1,0,0,0,0.000000,0.00,0.00,0.0000
2026-04-23,152630613,황금거위(AOS),,XvgdJsTGilO5s0n,황금거위_황금알_RV_Android,RV,34,ID 34,4,1,1,0,0,0.000000,0.00,0.00,0.0000
2026-04-23,152630613,황금거위(AOS),,XvgdJsTGilO5s0n,황금거위_황금알_RV_Android,RV,18,Pangle,4,2,2,1,0,0.000000,50.00,0.00,0.0000
2026-04-23,152630613,황금거위(AOS),,TKeAFuGGcj4nJkY,BANNER_320x50_ADNROID,배너,0,Adpopcorn SSP,1,6095,3617,3588,4,0.183664,58.87,0.11,0.0512
2026-04-23,880605234,황금거위(iOS),,K7ycD8gltcncKGp,BANNER_320x50_iOS,배너,0,Adpopcorn SSP,1,472,340,336,0,0.075525,71.19,0.00,0.2248
2026-04-23,152630613,황금거위(AOS),,4zLAQUTzDGMz2Oi,황금거위_황금알_IV_Android,전면,0,Adpopcorn SSP,1,12288,2004,1425,482,7.801967,11.60,33.82,5.4751
2026-04-23,152630613,황금거위(AOS),,4zLAQUTzDGMz2Oi,황금거위_황금알_IV_Android,전면,21,AppLovin WF,4,0,0,50,26,0.050000,0.00,52.00,1.0000
2026-04-23,152630613,황금거위(AOS),,4zLAQUTzDGMz2Oi,황금거위_황금알_IV_Android,전면,16,Fyber,4,5790,0,231,116,0.231000,3.99,50.22,1.0000
2026-04-23,152630613,황금거위(AOS),,4zLAQUTzDGMz2Oi,황금거위_황금알_IV_Android,전면,34,ID 34,4,9817,4374,3250,116,6.540481,33.11,3.57,2.0125
2026-04-23,152630613,황금거위(AOS),,4zLAQUTzDGMz2Oi,황금거위_황금알_IV_Android,전면,18,Pangle,4,5186,2847,2181,366,0.870000,42.06,16.78,0.3989
2026-04-23,152630613,황금거위(AOS),,4zLAQUTzDGMz2Oi,황금거위_황금알_IV_Android,전면,14,Vungle,4,0,0,101,28,0.038749,0.00,27.72,0.3837
2026-04-23,880605234,황금거위(iOS),,BppkJs2NQiqilXy,황금거위_황금알_IV_iOS,전면,0,Adpopcorn SSP,1,1083,389,0,0,0.000000,0.00,0.00,0.0000
2026-04-23,880605234,황금거위(iOS),,BppkJs2NQiqilXy,황금거위_황금알_IV_iOS,전면,21,AppLovin WF,4,0,0,1,1,0.000000,0.00,100.00,0.0000
2026-04-23,880605234,황금거위(iOS),,BppkJs2NQiqilXy,황금거위_황금알_IV_iOS,전면,16,Fyber,4,8,0,3,2,0.003000,37.50,66.67,1.0000
2026-04-23,880605234,황금거위(iOS),,BppkJs2NQiqilXy,황금거위_황금알_IV_iOS,전면,34,ID 34,4,1066,1066,705,33,2.580762,66.14,4.68,3.6607
2026-04-23,880605234,황금거위(iOS),,BppkJs2NQiqilXy,황금거위_황금알_IV_iOS,전면,18,Pangle,4,1,1,0,0,0.000000,0.00,0.00,0.0000
2026-04-24,152630613,황금거위(AOS),,TcKzRUNsjYIQFJs,황금거위_미니게임1_RV_Android,RV,0,Adpopcorn SSP,1,1750,304,195,57,1.810205,11.14,29.23,9.2831
2026-04-24,152630613,황금거위(AOS),,TcKzRUNsjYIQFJs,황금거위_미니게임1_RV_Android,RV,21,AppLovin WF,4,0,0,59,36,0.060000,0.00,61.02,1.0169
2026-04-24,152630613,황금거위(AOS),,TcKzRUNsjYIQFJs,황금거위_미니게임1_RV_Android,RV,16,Fyber,4,2243,0,65,10,0.101000,2.90,15.38,1.5538
2026-04-24,152630613,황금거위(AOS),,TcKzRUNsjYIQFJs,황금거위_미니게임1_RV_Android,RV,34,ID 34,4,1481,137,100,10,0.223127,6.75,10.00,2.2313
2026-04-24,152630613,황금거위(AOS),,TcKzRUNsjYIQFJs,황금거위_미니게임1_RV_Android,RV,18,Pangle,4,1237,966,680,143,0.490000,54.97,21.03,0.7206
2026-04-24,152630613,황금거위(AOS),,TcKzRUNsjYIQFJs,황금거위_미니게임1_RV_Android,RV,14,Vungle,4,0,0,32,5,0.012237,0.00,15.62,0.3824
2026-04-24,880605234,황금거위(iOS),,dwOiJPQUsoXKdMT,황금거위_미니게임1_RV_iOS,RV,0,Adpopcorn SSP,1,139,71,0,0,0.000000,0.00,0.00,0.0000
2026-04-24,880605234,황금거위(iOS),,dwOiJPQUsoXKdMT,황금거위_미니게임1_RV_iOS,RV,16,Fyber,4,2,0,0,0,0.000000,0.00,0.00,0.0000
2026-04-24,880605234,황금거위(iOS),,dwOiJPQUsoXKdMT,황금거위_미니게임1_RV_iOS,RV,34,ID 34,4,139,139,100,0,1.264314,71.94,0.00,12.6431
2026-04-24,880605234,황금거위(iOS),,dwOiJPQUsoXKdMT,황금거위_미니게임1_RV_iOS,RV,18,Pangle,4,2,2,1,0,0.000000,50.00,0.00,0.0000
2026-04-24,152630613,황금거위(AOS),,DECp68UA1uOBhfu,황금거위_미니게임2_RV_Android,RV,0,Adpopcorn SSP,1,1320,203,146,43,1.252960,11.06,29.45,8.5819
2026-04-24,152630613,황금거위(AOS),,DECp68UA1uOBhfu,황금거위_미니게임2_RV_Android,RV,21,AppLovin WF,4,0,0,41,16,0.040000,0.00,39.02,0.9756
2026-04-24,152630613,황금거위(AOS),,DECp68UA1uOBhfu,황금거위_미니게임2_RV_Android,RV,16,Fyber,4,1767,0,56,11,0.064000,3.17,19.64,1.1429
2026-04-24,152630613,황금거위(AOS),,DECp68UA1uOBhfu,황금거위_미니게임2_RV_Android,RV,34,ID 34,4,1179,87,60,6,0.113689,5.09,10.00,1.8948
2026-04-24,152630613,황금거위(AOS),,DECp68UA1uOBhfu,황금거위_미니게임2_RV_Android,RV,18,Pangle,4,1004,779,557,110,0.300000,55.48,19.75,0.5386
2026-04-24,152630613,황금거위(AOS),,DECp68UA1uOBhfu,황금거위_미니게임2_RV_Android,RV,14,Vungle,4,0,0,25,5,0.011742,0.00,20.00,0.4697
2026-04-24,880605234,황금거위(iOS),,889ZlHXzRQjWWmw,황금거위_미니게임2_RV_iOS,RV,0,Adpopcorn SSP,1,119,52,12,4,0.051930,10.08,33.33,4.3275
2026-04-24,880605234,황금거위(iOS),,889ZlHXzRQjWWmw,황금거위_미니게임2_RV_iOS,RV,16,Fyber,4,57,0,6,3,0.024000,10.53,50.00,4.0000
2026-04-24,880605234,황금거위(iOS),,889ZlHXzRQjWWmw,황금거위_미니게임2_RV_iOS,RV,34,ID 34,4,88,88,62,2,0.374017,70.45,3.23,6.0325
2026-04-24,152630613,황금거위(AOS),,AIeWRQ2R5CbBNyO,황금거위_보너스캐시_RV_Android,RV,0,Adpopcorn SSP,1,2114,373,198,67,1.923943,9.37,33.84,9.7169
2026-04-24,152630613,황금거위(AOS),,AIeWRQ2R5CbBNyO,황금거위_보너스캐시_RV_Android,RV,21,AppLovin WF,4,0,0,9,2,0.010000,0.00,22.22,1.1111
2026-04-24,152630613,황금거위(AOS),,AIeWRQ2R5CbBNyO,황금거위_보너스캐시_RV_Android,RV,16,Fyber,4,1708,0,20,0,0.018000,1.17,0.00,0.9000
2026-04-24,152630613,황금거위(AOS),,AIeWRQ2R5CbBNyO,황금거위_보너스캐시_RV_Android,RV,34,ID 34,4,1734,1227,632,33,1.724106,36.45,5.22,2.7280
2026-04-24,152630613,황금거위(AOS),,AIeWRQ2R5CbBNyO,황금거위_보너스캐시_RV_Android,RV,18,Pangle,4,403,355,162,35,0.100000,40.20,21.60,0.6173
2026-04-24,152630613,황금거위(AOS),,AIeWRQ2R5CbBNyO,황금거위_보너스캐시_RV_Android,RV,14,Vungle,4,0,0,4,0,0.001438,0.00,0.00,0.3595
2026-04-24,880605234,황금거위(iOS),,efq4IKkCEZ9y55e,황금거위_보너스캐시_RV_iOS,RV,0,Adpopcorn SSP,1,147,59,0,0,0.000000,0.00,0.00,0.0000
2026-04-24,880605234,황금거위(iOS),,efq4IKkCEZ9y55e,황금거위_보너스캐시_RV_iOS,RV,34,ID 34,4,145,145,73,0,0.474315,50.34,0.00,6.4975
2026-04-24,152630613,황금거위(AOS),,nrbMhFxX4AEcFxq,황금거위_출석체크_RV_Android,RV,0,Adpopcorn SSP,1,639,185,81,22,0.564747,12.68,27.16,6.9722
2026-04-24,152630613,황금거위(AOS),,nrbMhFxX4AEcFxq,황금거위_출석체크_RV_Android,RV,16,Fyber,4,680,0,6,1,0.026000,0.88,16.67,4.3333
2026-04-24,152630613,황금거위(AOS),,nrbMhFxX4AEcFxq,황금거위_출석체크_RV_Android,RV,34,ID 34,4,428,270,139,7,0.325887,32.48,5.04,2.3445
2026-04-24,152630613,황금거위(AOS),,nrbMhFxX4AEcFxq,황금거위_출석체크_RV_Android,RV,18,Pangle,4,183,140,58,11,0.040000,31.69,18.97,0.6897
2026-04-24,152630613,황금거위(AOS),,nrbMhFxX4AEcFxq,황금거위_출석체크_RV_Android,RV,14,Vungle,4,0,0,5,3,0.001791,0.00,60.00,0.3582
2026-04-24,880605234,황금거위(iOS),,pri9mYRn7kAgmbp,황금거위_출석체크_RV_iOS,RV,0,Adpopcorn SSP,1,60,36,0,0,0.000000,0.00,0.00,0.0000
2026-04-24,880605234,황금거위(iOS),,pri9mYRn7kAgmbp,황금거위_출석체크_RV_iOS,RV,16,Fyber,4,1,0,0,0,0.000000,0.00,0.00,0.0000
2026-04-24,880605234,황금거위(iOS),,pri9mYRn7kAgmbp,황금거위_출석체크_RV_iOS,RV,34,ID 34,4,60,60,30,0,0.447534,50.00,0.00,14.9178
2026-04-24,152630613,황금거위(AOS),,TKeAFuGGcj4nJkY,BANNER_320x50_ADNROID,배너,0,Adpopcorn SSP,1,6020,3443,3412,2,0.169385,56.68,0.06,0.0496
2026-04-24,880605234,황금거위(iOS),,K7ycD8gltcncKGp,BANNER_320x50_iOS,배너,0,Adpopcorn SSP,1,488,333,332,1,0.075234,68.03,0.30,0.2266
2026-04-24,152630613,황금거위(AOS),,4zLAQUTzDGMz2Oi,황금거위_황금알_IV_Android,전면,0,Adpopcorn SSP,1,13031,1566,1054,292,6.210962,8.09,27.70,5.8928
2026-04-24,152630613,황금거위(AOS),,4zLAQUTzDGMz2Oi,황금거위_황금알_IV_Android,전면,21,AppLovin WF,4,0,0,75,55,0.080000,0.00,73.33,1.0667
2026-04-24,152630613,황금거위(AOS),,4zLAQUTzDGMz2Oi,황금거위_황금알_IV_Android,전면,16,Fyber,4,15558,0,280,147,0.668000,1.80,52.50,2.3857
2026-04-24,152630613,황금거위(AOS),,4zLAQUTzDGMz2Oi,황금거위_황금알_IV_Android,전면,34,ID 34,4,11031,4600,3258,161,6.988170,29.53,4.94,2.1449
2026-04-24,152630613,황금거위(AOS),,4zLAQUTzDGMz2Oi,황금거위_황금알_IV_Android,전면,18,Pangle,4,6160,3002,2301,390,1.100000,37.35,16.95,0.4781
2026-04-24,152630613,황금거위(AOS),,4zLAQUTzDGMz2Oi,황금거위_황금알_IV_Android,전면,14,Vungle,4,0,0,100,30,0.038507,0.00,30.00,0.3851
2026-04-24,880605234,황금거위(iOS),,BppkJs2NQiqilXy,황금거위_황금알_IV_iOS,전면,0,Adpopcorn SSP,1,1087,427,0,0,0.000000,0.00,0.00,0.0000
2026-04-24,880605234,황금거위(iOS),,BppkJs2NQiqilXy,황금거위_황금알_IV_iOS,전면,21,AppLovin WF,4,0,0,1,1,0.000000,0.00,100.00,0.0000
2026-04-24,880605234,황금거위(iOS),,BppkJs2NQiqilXy,황금거위_황금알_IV_iOS,전면,16,Fyber,4,6,0,1,0,0.001000,16.67,0.00,1.0000
2026-04-24,880605234,황금거위(iOS),,BppkJs2NQiqilXy,황금거위_황금알_IV_iOS,전면,34,ID 34,4,1074,1074,728,26,3.035533,67.78,3.57,4.1697
2026-04-25,152630613,황금거위(AOS),,TcKzRUNsjYIQFJs,황금거위_미니게임1_RV_Android,RV,0,Adpopcorn SSP,1,1782,361,230,77,1.891178,12.91,33.48,8.2225
2026-04-25,152630613,황금거위(AOS),,TcKzRUNsjYIQFJs,황금거위_미니게임1_RV_Android,RV,21,AppLovin WF,4,0,0,55,31,0.060000,0.00,56.36,1.0909
2026-04-25,152630613,황금거위(AOS),,TcKzRUNsjYIQFJs,황금거위_미니게임1_RV_Android,RV,16,Fyber,4,2968,0,87,21,0.222000,2.93,24.14,2.5517
2026-04-25,152630613,황금거위(AOS),,TcKzRUNsjYIQFJs,황금거위_미니게임1_RV_Android,RV,34,ID 34,4,1353,141,107,8,0.209377,7.91,7.48,1.9568
2026-04-25,152630613,황금거위(AOS),,TcKzRUNsjYIQFJs,황금거위_미니게임1_RV_Android,RV,18,Pangle,4,1178,884,611,119,0.400000,51.87,19.48,0.6547
2026-04-25,152630613,황금거위(AOS),,TcKzRUNsjYIQFJs,황금거위_미니게임1_RV_Android,RV,14,Vungle,4,0,0,23,2,0.009836,0.00,8.70,0.4277
2026-04-25,880605234,황금거위(iOS),,dwOiJPQUsoXKdMT,황금거위_미니게임1_RV_iOS,RV,0,Adpopcorn SSP,1,135,72,0,0,0.000000,0.00,0.00,0.0000
2026-04-25,880605234,황금거위(iOS),,dwOiJPQUsoXKdMT,황금거위_미니게임1_RV_iOS,RV,16,Fyber,4,2,0,0,0,0.000000,0.00,0.00,0.0000
2026-04-25,880605234,황금거위(iOS),,dwOiJPQUsoXKdMT,황금거위_미니게임1_RV_iOS,RV,34,ID 34,4,135,135,91,3,0.964415,67.41,3.30,10.5980
2026-04-25,880605234,황금거위(iOS),,dwOiJPQUsoXKdMT,황금거위_미니게임1_RV_iOS,RV,18,Pangle,4,1,1,0,0,0.000000,0.00,0.00,0.0000
2026-04-25,152630613,황금거위(AOS),,DECp68UA1uOBhfu,황금거위_미니게임2_RV_Android,RV,0,Adpopcorn SSP,1,1346,200,132,38,1.260295,9.81,28.79,9.5477
2026-04-25,152630613,황금거위(AOS),,DECp68UA1uOBhfu,황금거위_미니게임2_RV_Android,RV,21,AppLovin WF,4,0,0,42,23,0.040000,0.00,54.76,0.9524
2026-04-25,152630613,황금거위(AOS),,DECp68UA1uOBhfu,황금거위_미니게임2_RV_Android,RV,16,Fyber,4,2258,0,48,11,0.072000,2.13,22.92,1.5000
2026-04-25,152630613,황금거위(AOS),,DECp68UA1uOBhfu,황금거위_미니게임2_RV_Android,RV,34,ID 34,4,1115,107,77,7,0.205897,6.91,9.09,2.6740
2026-04-25,152630613,황금거위(AOS),,DECp68UA1uOBhfu,황금거위_미니게임2_RV_Android,RV,18,Pangle,4,981,719,506,102,0.310000,51.58,20.16,0.6126
2026-04-25,152630613,황금거위(AOS),,DECp68UA1uOBhfu,황금거위_미니게임2_RV_Android,RV,14,Vungle,4,0,0,22,3,0.008542,0.00,13.64,0.3883
2026-04-25,880605234,황금거위(iOS),,889ZlHXzRQjWWmw,황금거위_미니게임2_RV_iOS,RV,0,Adpopcorn SSP,1,90,34,17,2,0.076011,18.89,11.76,4.4712
2026-04-25,880605234,황금거위(iOS),,889ZlHXzRQjWWmw,황금거위_미니게임2_RV_iOS,RV,16,Fyber,4,101,0,6,4,0.024000,5.94,66.67,4.0000
2026-04-25,880605234,황금거위(iOS),,889ZlHXzRQjWWmw,황금거위_미니게임2_RV_iOS,RV,34,ID 34,4,67,67,43,3,0.244100,64.18,6.98,5.6767
2026-04-25,152630613,황금거위(AOS),,AIeWRQ2R5CbBNyO,황금거위_보너스캐시_RV_Android,RV,0,Adpopcorn SSP,1,2298,371,189,60,1.859303,8.22,31.75,9.8376
2026-04-25,152630613,황금거위(AOS),,AIeWRQ2R5CbBNyO,황금거위_보너스캐시_RV_Android,RV,21,AppLovin WF,4,0,0,9,2,0.010000,0.00,22.22,1.1111
2026-04-25,152630613,황금거위(AOS),,AIeWRQ2R5CbBNyO,황금거위_보너스캐시_RV_Android,RV,16,Fyber,4,2752,0,19,1,0.019000,0.69,5.26,1.0000
2026-04-25,152630613,황금거위(AOS),,AIeWRQ2R5CbBNyO,황금거위_보너스캐시_RV_Android,RV,34,ID 34,4,1675,1259,660,35,1.892297,39.40,5.30,2.8671
2026-04-25,152630613,황금거위(AOS),,AIeWRQ2R5CbBNyO,황금거위_보너스캐시_RV_Android,RV,18,Pangle,4,522,469,225,33,0.120000,43.10,14.67,0.5333
2026-04-25,880605234,황금거위(iOS),,efq4IKkCEZ9y55e,황금거위_보너스캐시_RV_iOS,RV,0,Adpopcorn SSP,1,140,63,0,0,0.000000,0.00,0.00,0.0000
2026-04-25,880605234,황금거위(iOS),,efq4IKkCEZ9y55e,황금거위_보너스캐시_RV_iOS,RV,16,Fyber,4,1,0,0,0,0.000000,0.00,0.00,0.0000
2026-04-25,880605234,황금거위(iOS),,efq4IKkCEZ9y55e,황금거위_보너스캐시_RV_iOS,RV,34,ID 34,4,137,137,73,3,0.499723,53.28,4.11,6.8455
2026-04-25,880605234,황금거위(iOS),,efq4IKkCEZ9y55e,황금거위_보너스캐시_RV_iOS,RV,18,Pangle,4,1,1,0,0,0.000000,0.00,0.00,0.0000
2026-04-25,152630613,황금거위(AOS),,nrbMhFxX4AEcFxq,황금거위_출석체크_RV_Android,RV,0,Adpopcorn SSP,1,862,214,88,22,0.530206,10.21,25.00,6.0251
2026-04-25,152630613,황금거위(AOS),,nrbMhFxX4AEcFxq,황금거위_출석체크_RV_Android,RV,21,AppLovin WF,4,0,0,4,3,0.000000,0.00,75.00,0.0000
2026-04-25,152630613,황금거위(AOS),,nrbMhFxX4AEcFxq,황금거위_출석체크_RV_Android,RV,16,Fyber,4,1061,0,21,1,0.085000,1.98,4.76,4.0476
2026-04-25,152630613,황금거위(AOS),,nrbMhFxX4AEcFxq,황금거위_출석체크_RV_Android,RV,34,ID 34,4,607,388,199,13,0.503093,32.78,6.53,2.5281
2026-04-25,152630613,황금거위(AOS),,nrbMhFxX4AEcFxq,황금거위_출석체크_RV_Android,RV,18,Pangle,4,210,175,76,12,0.040000,36.19,15.79,0.5263
2026-04-25,152630613,황금거위(AOS),,nrbMhFxX4AEcFxq,황금거위_출석체크_RV_Android,RV,14,Vungle,4,0,0,2,1,0.000491,0.00,50.00,0.2455
2026-04-25,880605234,황금거위(iOS),,pri9mYRn7kAgmbp,황금거위_출석체크_RV_iOS,RV,0,Adpopcorn SSP,1,72,44,0,0,0.000000,0.00,0.00,0.0000
2026-04-25,880605234,황금거위(iOS),,pri9mYRn7kAgmbp,황금거위_출석체크_RV_iOS,RV,34,ID 34,4,72,72,36,1,0.296244,50.00,2.78,8.2290
2026-04-25,880605234,황금거위(iOS),,RQeUixRooxXfCLZ,황금거위_황금알_RV_iOS,RV,0,Adpopcorn SSP,1,1,1,0,0,0.000000,0.00,0.00,0.0000
2026-04-25,152630613,황금거위(AOS),,TKeAFuGGcj4nJkY,BANNER_320x50_ADNROID,배너,0,Adpopcorn SSP,1,6157,3416,3390,3,0.172188,55.06,0.09,0.0508
2026-04-25,880605234,황금거위(iOS),,K7ycD8gltcncKGp,BANNER_320x50_iOS,배너,0,Adpopcorn SSP,1,433,304,304,1,0.083794,70.21,0.33,0.2756
2026-04-25,152630613,황금거위(AOS),,4zLAQUTzDGMz2Oi,황금거위_황금알_IV_Android,전면,0,Adpopcorn SSP,1,13371,1536,984,227,5.483360,7.36,23.07,5.5725
2026-04-25,152630613,황금거위(AOS),,4zLAQUTzDGMz2Oi,황금거위_황금알_IV_Android,전면,21,AppLovin WF,4,0,0,64,38,0.060000,0.00,59.38,0.9375
2026-04-25,152630613,황금거위(AOS),,4zLAQUTzDGMz2Oi,황금거위_황금알_IV_Android,전면,16,Fyber,4,19675,0,360,162,1.284000,1.83,45.00,3.5667
2026-04-25,152630613,황금거위(AOS),,4zLAQUTzDGMz2Oi,황금거위_황금알_IV_Android,전면,34,ID 34,4,10903,4739,3571,206,8.349912,32.75,5.77,2.3383
2026-04-25,152630613,황금거위(AOS),,4zLAQUTzDGMz2Oi,황금거위_황금알_IV_Android,전면,18,Pangle,4,6328,2955,2299,370,1.150000,36.33,16.09,0.5002
2026-04-25,152630613,황금거위(AOS),,4zLAQUTzDGMz2Oi,황금거위_황금알_IV_Android,전면,14,Vungle,4,0,0,51,20,0.018101,0.00,39.22,0.3549
2026-04-25,880605234,황금거위(iOS),,BppkJs2NQiqilXy,황금거위_황금알_IV_iOS,전면,0,Adpopcorn SSP,1,1083,482,2,0,0.003626,0.18,0.00,1.8130
2026-04-25,880605234,황금거위(iOS),,BppkJs2NQiqilXy,황금거위_황금알_IV_iOS,전면,16,Fyber,4,1,0,0,0,0.000000,0.00,0.00,0.0000
2026-04-25,880605234,황금거위(iOS),,BppkJs2NQiqilXy,황금거위_황금알_IV_iOS,전면,34,ID 34,4,1068,1068,741,27,3.577858,69.38,3.64,4.8284
2026-04-26,152630613,황금거위(AOS),,TcKzRUNsjYIQFJs,황금거위_미니게임1_RV_Android,RV,0,Adpopcorn SSP,1,1686,359,228,67,1.879070,13.52,29.39,8.2415
2026-04-26,152630613,황금거위(AOS),,TcKzRUNsjYIQFJs,황금거위_미니게임1_RV_Android,RV,21,AppLovin WF,4,0,0,61,33,0.060000,0.00,54.10,0.9836
2026-04-26,152630613,황금거위(AOS),,TcKzRUNsjYIQFJs,황금거위_미니게임1_RV_Android,RV,16,Fyber,4,2878,0,87,14,0.177000,3.02,16.09,2.0345
2026-04-26,152630613,황금거위(AOS),,TcKzRUNsjYIQFJs,황금거위_미니게임1_RV_Android,RV,34,ID 34,4,1164,180,136,11,0.296006,11.68,8.09,2.1765
2026-04-26,152630613,황금거위(AOS),,TcKzRUNsjYIQFJs,황금거위_미니게임1_RV_Android,RV,18,Pangle,4,971,736,509,107,0.410000,52.42,21.02,0.8055
2026-04-26,152630613,황금거위(AOS),,TcKzRUNsjYIQFJs,황금거위_미니게임1_RV_Android,RV,14,Vungle,4,0,0,25,8,0.009557,0.00,32.00,0.3823
2026-04-26,880605234,황금거위(iOS),,dwOiJPQUsoXKdMT,황금거위_미니게임1_RV_iOS,RV,0,Adpopcorn SSP,1,187,97,0,0,0.000000,0.00,0.00,0.0000
2026-04-26,880605234,황금거위(iOS),,dwOiJPQUsoXKdMT,황금거위_미니게임1_RV_iOS,RV,34,ID 34,4,187,187,133,2,1.461116,71.12,1.50,10.9858
2026-04-26,152630613,황금거위(AOS),,DECp68UA1uOBhfu,황금거위_미니게임2_RV_Android,RV,0,Adpopcorn SSP,1,1195,225,154,45,1.175721,12.89,29.22,7.6346
2026-04-26,152630613,황금거위(AOS),,DECp68UA1uOBhfu,황금거위_미니게임2_RV_Android,RV,21,AppLovin WF,4,0,0,36,15,0.040000,0.00,41.67,1.1111
2026-04-26,152630613,황금거위(AOS),,DECp68UA1uOBhfu,황금거위_미니게임2_RV_Android,RV,16,Fyber,4,2078,0,36,3,0.060000,1.73,8.33,1.6667
2026-04-26,152630613,황금거위(AOS),,DECp68UA1uOBhfu,황금거위_미니게임2_RV_Android,RV,34,ID 34,4,807,111,82,4,0.127766,10.16,4.88,1.5581
2026-04-26,152630613,황금거위(AOS),,DECp68UA1uOBhfu,황금거위_미니게임2_RV_Android,RV,18,Pangle,4,731,576,411,79,0.260000,56.22,19.22,0.6326
2026-04-26,152630613,황금거위(AOS),,DECp68UA1uOBhfu,황금거위_미니게임2_RV_Android,RV,14,Vungle,4,0,0,30,8,0.014285,0.00,26.67,0.4762
2026-04-26,880605234,황금거위(iOS),,889ZlHXzRQjWWmw,황금거위_미니게임2_RV_iOS,RV,0,Adpopcorn SSP,1,115,42,6,2,0.031286,5.22,33.33,5.2143
2026-04-26,880605234,황금거위(iOS),,889ZlHXzRQjWWmw,황금거위_미니게임2_RV_iOS,RV,16,Fyber,4,117,0,19,12,0.076000,16.24,63.16,4.0000
2026-04-26,880605234,황금거위(iOS),,889ZlHXzRQjWWmw,황금거위_미니게임2_RV_iOS,RV,34,ID 34,4,83,83,60,0,0.199928,72.29,0.00,3.3321
2026-04-26,152630613,황금거위(AOS),,AIeWRQ2R5CbBNyO,황금거위_보너스캐시_RV_Android,RV,0,Adpopcorn SSP,1,2339,370,181,55,1.615260,7.74,30.39,8.9241
2026-04-26,152630613,황금거위(AOS),,AIeWRQ2R5CbBNyO,황금거위_보너스캐시_RV_Android,RV,21,AppLovin WF,4,0,0,11,4,0.010000,0.00,36.36,0.9091
2026-04-26,152630613,황금거위(AOS),,AIeWRQ2R5CbBNyO,황금거위_보너스캐시_RV_Android,RV,16,Fyber,4,2945,0,21,4,0.066000,0.71,19.05,3.1429
2026-04-26,152630613,황금거위(AOS),,AIeWRQ2R5CbBNyO,황금거위_보너스캐시_RV_Android,RV,34,ID 34,4,1904,1336,695,47,1.916549,36.50,6.76,2.7576
2026-04-26,152630613,황금거위(AOS),,AIeWRQ2R5CbBNyO,황금거위_보너스캐시_RV_Android,RV,18,Pangle,4,522,410,197,36,0.110000,37.74,18.27,0.5584
2026-04-26,152630613,황금거위(AOS),,AIeWRQ2R5CbBNyO,황금거위_보너스캐시_RV_Android,RV,14,Vungle,4,0,0,7,4,0.002876,0.00,57.14,0.4109
2026-04-26,880605234,황금거위(iOS),,efq4IKkCEZ9y55e,황금거위_보너스캐시_RV_iOS,RV,0,Adpopcorn SSP,1,186,76,0,0,0.000000,0.00,0.00,0.0000
2026-04-26,880605234,황금거위(iOS),,efq4IKkCEZ9y55e,황금거위_보너스캐시_RV_iOS,RV,16,Fyber,4,1,0,0,0,0.000000,0.00,0.00,0.0000
2026-04-26,880605234,황금거위(iOS),,efq4IKkCEZ9y55e,황금거위_보너스캐시_RV_iOS,RV,34,ID 34,4,184,184,95,2,0.690384,51.63,2.11,7.2672
2026-04-26,880605234,황금거위(iOS),,efq4IKkCEZ9y55e,황금거위_보너스캐시_RV_iOS,RV,18,Pangle,4,2,2,1,0,0.000000,50.00,0.00,0.0000
2026-04-26,152630613,황금거위(AOS),,nrbMhFxX4AEcFxq,황금거위_출석체크_RV_Android,RV,0,Adpopcorn SSP,1,644,182,89,28,0.512352,13.82,31.46,5.7568
2026-04-26,152630613,황금거위(AOS),,nrbMhFxX4AEcFxq,황금거위_출석체크_RV_Android,RV,21,AppLovin WF,4,0,0,1,1,0.000000,0.00,100.00,0.0000
2026-04-26,152630613,황금거위(AOS),,nrbMhFxX4AEcFxq,황금거위_출석체크_RV_Android,RV,16,Fyber,4,868,0,7,1,0.023000,0.81,14.29,3.2857
2026-04-26,152630613,황금거위(AOS),,nrbMhFxX4AEcFxq,황금거위_출석체크_RV_Android,RV,34,ID 34,4,467,283,133,9,0.346881,28.48,6.77,2.6081
2026-04-26,152630613,황금거위(AOS),,nrbMhFxX4AEcFxq,황금거위_출석체크_RV_Android,RV,18,Pangle,4,184,137,58,10,0.030000,31.52,17.24,0.5172
2026-04-26,152630613,황금거위(AOS),,nrbMhFxX4AEcFxq,황금거위_출석체크_RV_Android,RV,14,Vungle,4,0,0,4,0,0.001462,0.00,0.00,0.3655
2026-04-26,880605234,황금거위(iOS),,pri9mYRn7kAgmbp,황금거위_출석체크_RV_iOS,RV,0,Adpopcorn SSP,1,95,52,0,0,0.000000,0.00,0.00,0.0000
2026-04-26,880605234,황금거위(iOS),,pri9mYRn7kAgmbp,황금거위_출석체크_RV_iOS,RV,34,ID 34,4,95,95,48,1,0.536422,50.53,2.08,11.1755
2026-04-26,152630613,황금거위(AOS),,XvgdJsTGilO5s0n,황금거위_황금알_RV_Android,RV,0,Adpopcorn SSP,1,1,0,0,0,0.000000,0.00,0.00,0.0000
2026-04-26,152630613,황금거위(AOS),,TKeAFuGGcj4nJkY,BANNER_320x50_ADNROID,배너,0,Adpopcorn SSP,1,6495,4637,4603,1,0.202127,70.87,0.02,0.0439
2026-04-26,880605234,황금거위(iOS),,K7ycD8gltcncKGp,BANNER_320x50_iOS,배너,0,Adpopcorn SSP,1,565,422,422,0,0.108789,74.69,0.00,0.2578
2026-04-26,152630613,황금거위(AOS),,4zLAQUTzDGMz2Oi,황금거위_황금알_IV_Android,전면,0,Adpopcorn SSP,1,12692,1546,970,274,5.884677,7.64,28.25,6.0667
2026-04-26,152630613,황금거위(AOS),,4zLAQUTzDGMz2Oi,황금거위_황금알_IV_Android,전면,21,AppLovin WF,4,0,0,103,58,0.100000,0.00,56.31,0.9709
2026-04-26,152630613,황금거위(AOS),,4zLAQUTzDGMz2Oi,황금거위_황금알_IV_Android,전면,16,Fyber,4,18231,0,410,214,1.460000,2.25,52.20,3.5610
2026-04-26,152630613,황금거위(AOS),,4zLAQUTzDGMz2Oi,황금거위_황금알_IV_Android,전면,34,ID 34,4,10608,4871,3646,180,7.809531,34.37,4.94,2.1419
2026-04-26,152630613,황금거위(AOS),,4zLAQUTzDGMz2Oi,황금거위_황금알_IV_Android,전면,18,Pangle,4,5379,2840,2187,376,1.200000,40.66,17.19,0.5487
2026-04-26,152630613,황금거위(AOS),,4zLAQUTzDGMz2Oi,황금거위_황금알_IV_Android,전면,14,Vungle,4,0,0,76,24,0.029956,0.00,31.58,0.3942
2026-04-26,880605234,황금거위(iOS),,BppkJs2NQiqilXy,황금거위_황금알_IV_iOS,전면,0,Adpopcorn SSP,1,1181,468,0,0,0.000000,0.00,0.00,0.0000
2026-04-26,880605234,황금거위(iOS),,BppkJs2NQiqilXy,황금거위_황금알_IV_iOS,전면,16,Fyber,4,2,0,1,0,0.001000,50.00,0.00,1.0000
2026-04-26,880605234,황금거위(iOS),,BppkJs2NQiqilXy,황금거위_황금알_IV_iOS,전면,34,ID 34,4,1161,1161,799,54,3.217422,68.82,6.76,4.0268
2026-04-26,880605234,황금거위(iOS),,BppkJs2NQiqilXy,황금거위_황금알_IV_iOS,전면,18,Pangle,4,2,2,1,0,0.000000,50.00,0.00,0.0000
2026-04-27,152630613,황금거위(AOS),,TcKzRUNsjYIQFJs,황금거위_미니게임1_RV_Android,RV,0,Adpopcorn SSP,1,1856,417,279,83,1.789257,15.03,29.75,6.4131
2026-04-27,152630613,황금거위(AOS),,TcKzRUNsjYIQFJs,황금거위_미니게임1_RV_Android,RV,21,AppLovin WF,4,0,0,40,27,0.040000,0.00,67.50,1.0000
2026-04-27,152630613,황금거위(AOS),,TcKzRUNsjYIQFJs,황금거위_미니게임1_RV_Android,RV,16,Fyber,4,4010,0,84,27,0.246000,2.09,32.14,2.9286
2026-04-27,152630613,황금거위(AOS),,TcKzRUNsjYIQFJs,황금거위_미니게임1_RV_Android,RV,34,ID 34,4,1461,177,124,6,0.227389,8.49,4.84,1.8338
2026-04-27,152630613,황금거위(AOS),,TcKzRUNsjYIQFJs,황금거위_미니게임1_RV_Android,RV,18,Pangle,4,1646,868,591,112,0.360000,35.91,18.95,0.6091
2026-04-27,152630613,황금거위(AOS),,TcKzRUNsjYIQFJs,황금거위_미니게임1_RV_Android,RV,14,Vungle,4,0,0,9,2,0.004645,0.00,22.22,0.5161
2026-04-27,880605234,황금거위(iOS),,dwOiJPQUsoXKdMT,황금거위_미니게임1_RV_iOS,RV,0,Adpopcorn SSP,1,137,61,1,0,0.004553,0.73,0.00,4.5530
2026-04-27,880605234,황금거위(iOS),,dwOiJPQUsoXKdMT,황금거위_미니게임1_RV_iOS,RV,21,AppLovin WF,4,0,0,1,1,0.000000,0.00,100.00,0.0000
2026-04-27,880605234,황금거위(iOS),,dwOiJPQUsoXKdMT,황금거위_미니게임1_RV_iOS,RV,16,Fyber,4,1,0,0,0,0.000000,0.00,0.00,0.0000
2026-04-27,880605234,황금거위(iOS),,dwOiJPQUsoXKdMT,황금거위_미니게임1_RV_iOS,RV,34,ID 34,4,135,135,97,1,0.793842,71.85,1.03,8.1839
2026-04-27,152630613,황금거위(AOS),,DECp68UA1uOBhfu,황금거위_미니게임2_RV_Android,RV,0,Adpopcorn SSP,1,1349,306,209,57,1.287510,15.49,27.27,6.1603
2026-04-27,152630613,황금거위(AOS),,DECp68UA1uOBhfu,황금거위_미니게임2_RV_Android,RV,21,AppLovin WF,4,0,0,29,16,0.030000,0.00,55.17,1.0345
2026-04-27,152630613,황금거위(AOS),,DECp68UA1uOBhfu,황금거위_미니게임2_RV_Android,RV,16,Fyber,4,2884,0,49,13,0.075000,1.70,26.53,1.5306
2026-04-27,152630613,황금거위(AOS),,DECp68UA1uOBhfu,황금거위_미니게임2_RV_Android,RV,34,ID 34,4,1151,83,60,5,0.119796,5.21,8.33,1.9966
2026-04-27,152630613,황금거위(AOS),,DECp68UA1uOBhfu,황금거위_미니게임2_RV_Android,RV,18,Pangle,4,1221,680,471,101,0.260000,38.57,21.44,0.5520
2026-04-27,152630613,황금거위(AOS),,DECp68UA1uOBhfu,황금거위_미니게임2_RV_Android,RV,14,Vungle,4,0,0,15,5,0.005611,0.00,33.33,0.3741
2026-04-27,880605234,황금거위(iOS),,889ZlHXzRQjWWmw,황금거위_미니게임2_RV_iOS,RV,0,Adpopcorn SSP,1,117,49,12,1,0.166573,10.26,8.33,13.8811
2026-04-27,880605234,황금거위(iOS),,889ZlHXzRQjWWmw,황금거위_미니게임2_RV_iOS,RV,16,Fyber,4,114,0,8,4,0.032000,7.02,50.00,4.0000
2026-04-27,880605234,황금거위(iOS),,889ZlHXzRQjWWmw,황금거위_미니게임2_RV_iOS,RV,34,ID 34,4,81,81,58,1,0.202777,71.60,1.72,3.4962
2026-04-27,152630613,황금거위(AOS),,AIeWRQ2R5CbBNyO,황금거위_보너스캐시_RV_Android,RV,0,Adpopcorn SSP,1,2246,453,214,68,1.699258,9.53,31.78,7.9405
2026-04-27,152630613,황금거위(AOS),,AIeWRQ2R5CbBNyO,황금거위_보너스캐시_RV_Android,RV,21,AppLovin WF,4,0,0,3,2,0.000000,0.00,66.67,0.0000
2026-04-27,152630613,황금거위(AOS),,AIeWRQ2R5CbBNyO,황금거위_보너스캐시_RV_Android,RV,16,Fyber,4,3835,0,18,2,0.035000,0.47,11.11,1.9444
2026-04-27,152630613,황금거위(AOS),,AIeWRQ2R5CbBNyO,황금거위_보너스캐시_RV_Android,RV,34,ID 34,4,1763,1290,704,35,2.081678,39.93,4.97,2.9569
2026-04-27,152630613,황금거위(AOS),,AIeWRQ2R5CbBNyO,황금거위_보너스캐시_RV_Android,RV,18,Pangle,4,641,394,174,24,0.090000,27.15,13.79,0.5172
2026-04-27,152630613,황금거위(AOS),,AIeWRQ2R5CbBNyO,황금거위_보너스캐시_RV_Android,RV,14,Vungle,4,0,0,1,0,0.000533,0.00,0.00,0.5330
2026-04-27,880605234,황금거위(iOS),,efq4IKkCEZ9y55e,황금거위_보너스캐시_RV_iOS,RV,0,Adpopcorn SSP,1,181,70,8,1,0.099794,4.42,12.50,12.4742
2026-04-27,880605234,황금거위(iOS),,efq4IKkCEZ9y55e,황금거위_보너스캐시_RV_iOS,RV,16,Fyber,4,1,0,0,0,0.000000,0.00,0.00,0.0000
2026-04-27,880605234,황금거위(iOS),,efq4IKkCEZ9y55e,황금거위_보너스캐시_RV_iOS,RV,34,ID 34,4,165,165,86,2,0.637413,52.12,2.33,7.4118
2026-04-27,152630613,황금거위(AOS),,nrbMhFxX4AEcFxq,황금거위_출석체크_RV_Android,RV,0,Adpopcorn SSP,1,826,200,88,30,0.435035,10.65,34.09,4.9436
2026-04-27,152630613,황금거위(AOS),,nrbMhFxX4AEcFxq,황금거위_출석체크_RV_Android,RV,21,AppLovin WF,4,0,0,1,1,0.000000,0.00,100.00,0.0000
2026-04-27,152630613,황금거위(AOS),,nrbMhFxX4AEcFxq,황금거위_출석체크_RV_Android,RV,16,Fyber,4,1727,0,21,6,0.063000,1.22,28.57,3.0000
2026-04-27,152630613,황금거위(AOS),,nrbMhFxX4AEcFxq,황금거위_출석체크_RV_Android,RV,34,ID 34,4,719,358,183,9,0.494813,25.45,4.92,2.7039
2026-04-27,152630613,황금거위(AOS),,nrbMhFxX4AEcFxq,황금거위_출석체크_RV_Android,RV,18,Pangle,4,439,188,80,10,0.040000,18.22,12.50,0.5000
2026-04-27,880605234,황금거위(iOS),,pri9mYRn7kAgmbp,황금거위_출석체크_RV_iOS,RV,0,Adpopcorn SSP,1,57,16,1,0,0.005058,1.75,0.00,5.0580
2026-04-27,880605234,황금거위(iOS),,pri9mYRn7kAgmbp,황금거위_출석체크_RV_iOS,RV,21,AppLovin WF,4,0,0,1,1,0.000000,0.00,100.00,0.0000
2026-04-27,880605234,황금거위(iOS),,pri9mYRn7kAgmbp,황금거위_출석체크_RV_iOS,RV,16,Fyber,4,1,0,0,0,0.000000,0.00,0.00,0.0000
2026-04-27,880605234,황금거위(iOS),,pri9mYRn7kAgmbp,황금거위_출석체크_RV_iOS,RV,34,ID 34,4,52,52,27,0,0.308534,51.92,0.00,11.4272
2026-04-27,152630613,황금거위(AOS),,TKeAFuGGcj4nJkY,BANNER_320x50_ADNROID,배너,0,Adpopcorn SSP,1,6436,4281,4244,5,0.150457,65.94,0.12,0.0355
2026-04-27,880605234,황금거위(iOS),,K7ycD8gltcncKGp,BANNER_320x50_iOS,배너,0,Adpopcorn SSP,1,558,413,410,0,0.091673,73.48,0.00,0.2236
2026-04-27,152630613,황금거위(AOS),,4zLAQUTzDGMz2Oi,황금거위_황금알_IV_Android,전면,0,Adpopcorn SSP,1,12751,1859,1153,333,5.359506,9.04,28.88,4.6483
2026-04-27,152630613,황금거위(AOS),,4zLAQUTzDGMz2Oi,황금거위_황금알_IV_Android,전면,21,AppLovin WF,4,0,0,75,43,0.080000,0.00,57.33,1.0667
2026-04-27,152630613,황금거위(AOS),,4zLAQUTzDGMz2Oi,황금거위_황금알_IV_Android,전면,16,Fyber,4,27387,0,519,284,1.821000,1.90,54.72,3.5087
2026-04-27,152630613,황금거위(AOS),,4zLAQUTzDGMz2Oi,황금거위_황금알_IV_Android,전면,34,ID 34,4,10481,4236,3181,115,6.343622,30.35,3.62,1.9942
2026-04-27,152630613,황금거위(AOS),,4zLAQUTzDGMz2Oi,황금거위_황금알_IV_Android,전면,18,Pangle,4,8898,2983,2326,416,1.120000,26.14,17.88,0.4815
2026-04-27,152630613,황금거위(AOS),,4zLAQUTzDGMz2Oi,황금거위_황금알_IV_Android,전면,14,Vungle,4,0,0,21,13,0.007008,0.00,61.90,0.3337
2026-04-27,880605234,황금거위(iOS),,BppkJs2NQiqilXy,황금거위_황금알_IV_iOS,전면,0,Adpopcorn SSP,1,1157,318,32,10,0.269455,2.77,31.25,8.4205
2026-04-27,880605234,황금거위(iOS),,BppkJs2NQiqilXy,황금거위_황금알_IV_iOS,전면,21,AppLovin WF,4,0,0,1,0,0.000000,0.00,0.00,0.0000
2026-04-27,880605234,황금거위(iOS),,BppkJs2NQiqilXy,황금거위_황금알_IV_iOS,전면,16,Fyber,4,669,0,32,28,0.120000,4.78,87.50,3.7500
2026-04-27,880605234,황금거위(iOS),,BppkJs2NQiqilXy,황금거위_황금알_IV_iOS,전면,34,ID 34,4,1046,1046,736,47,3.125063,70.36,6.39,4.2460
2026-04-27,880605234,황금거위(iOS),,BppkJs2NQiqilXy,황금거위_황금알_IV_iOS,전면,18,Pangle,4,4,2,1,0,0.000000,25.00,0.00,0.0000
2026-04-28,152630613,황금거위(AOS),,TcKzRUNsjYIQFJs,황금거위_미니게임1_RV_Android,RV,0,Adpopcorn SSP,1,1808,522,330,88,1.963505,18.25,26.67,5.9500
2026-04-28,152630613,황금거위(AOS),,TcKzRUNsjYIQFJs,황금거위_미니게임1_RV_Android,RV,21,AppLovin WF,4,0,0,41,29,0.040000,0.00,70.73,0.9756
2026-04-28,152630613,황금거위(AOS),,TcKzRUNsjYIQFJs,황금거위_미니게임1_RV_Android,RV,16,Fyber,4,4849,0,86,16,0.247000,1.77,18.60,2.8721
2026-04-28,152630613,황금거위(AOS),,TcKzRUNsjYIQFJs,황금거위_미니게임1_RV_Android,RV,34,ID 34,4,1458,90,70,3,0.104523,4.80,4.29,1.4932
2026-04-28,152630613,황금거위(AOS),,TcKzRUNsjYIQFJs,황금거위_미니게임1_RV_Android,RV,18,Pangle,4,2086,818,555,102,0.350000,26.61,18.38,0.6306
2026-04-28,880605234,황금거위(iOS),,dwOiJPQUsoXKdMT,황금거위_미니게임1_RV_iOS,RV,0,Adpopcorn SSP,1,125,29,4,0,0.022869,3.20,0.00,5.7172
2026-04-28,880605234,황금거위(iOS),,dwOiJPQUsoXKdMT,황금거위_미니게임1_RV_iOS,RV,16,Fyber,4,2,0,0,0,0.000000,0.00,0.00,0.0000
2026-04-28,880605234,황금거위(iOS),,dwOiJPQUsoXKdMT,황금거위_미니게임1_RV_iOS,RV,34,ID 34,4,118,118,82,2,0.558042,69.49,2.44,6.8054
2026-04-28,880605234,황금거위(iOS),,dwOiJPQUsoXKdMT,황금거위_미니게임1_RV_iOS,RV,18,Pangle,4,2,2,1,0,0.000000,50.00,0.00,0.0000
2026-04-28,152630613,황금거위(AOS),,DECp68UA1uOBhfu,황금거위_미니게임2_RV_Android,RV,0,Adpopcorn SSP,1,1254,450,301,71,1.883455,24.00,23.59,6.2573
2026-04-28,152630613,황금거위(AOS),,DECp68UA1uOBhfu,황금거위_미니게임2_RV_Android,RV,21,AppLovin WF,4,0,0,10,7,0.010000,0.00,70.00,1.0000
2026-04-28,152630613,황금거위(AOS),,DECp68UA1uOBhfu,황금거위_미니게임2_RV_Android,RV,16,Fyber,4,3306,0,39,16,0.084000,1.18,41.03,2.1538
2026-04-28,152630613,황금거위(AOS),,DECp68UA1uOBhfu,황금거위_미니게임2_RV_Android,RV,34,ID 34,4,930,30,23,1,0.067472,2.47,4.35,2.9336
2026-04-28,152630613,황금거위(AOS),,DECp68UA1uOBhfu,황금거위_미니게임2_RV_Android,RV,18,Pangle,4,1435,635,438,81,0.230000,30.52,18.49,0.5251
2026-04-28,880605234,황금거위(iOS),,889ZlHXzRQjWWmw,황금거위_미니게임2_RV_iOS,RV,0,Adpopcorn SSP,1,83,24,5,3,0.065795,6.02,60.00,13.1590
2026-04-28,880605234,황금거위(iOS),,889ZlHXzRQjWWmw,황금거위_미니게임2_RV_iOS,RV,16,Fyber,4,80,0,3,3,0.012000,3.75,100.00,4.0000
2026-04-28,880605234,황금거위(iOS),,889ZlHXzRQjWWmw,황금거위_미니게임2_RV_iOS,RV,34,ID 34,4,70,70,52,0,0.190017,74.29,0.00,3.6542
2026-04-28,152630613,황금거위(AOS),,AIeWRQ2R5CbBNyO,황금거위_보너스캐시_RV_Android,RV,0,Adpopcorn SSP,1,2207,568,246,69,1.729647,11.15,28.05,7.0311
2026-04-28,152630613,황금거위(AOS),,AIeWRQ2R5CbBNyO,황금거위_보너스캐시_RV_Android,RV,21,AppLovin WF,4,0,0,3,0,0.000000,0.00,0.00,0.0000
2026-04-28,152630613,황금거위(AOS),,AIeWRQ2R5CbBNyO,황금거위_보너스캐시_RV_Android,RV,16,Fyber,4,4974,0,17,4,0.052000,0.34,23.53,3.0588
2026-04-28,152630613,황금거위(AOS),,AIeWRQ2R5CbBNyO,황금거위_보너스캐시_RV_Android,RV,34,ID 34,4,1661,999,547,21,1.533209,32.93,3.84,2.8029
2026-04-28,152630613,황금거위(AOS),,AIeWRQ2R5CbBNyO,황금거위_보너스캐시_RV_Android,RV,18,Pangle,4,1059,517,251,47,0.130000,23.70,18.73,0.5179
2026-04-28,880605234,황금거위(iOS),,efq4IKkCEZ9y55e,황금거위_보너스캐시_RV_iOS,RV,0,Adpopcorn SSP,1,171,44,15,5,0.118332,8.77,33.33,7.8888
2026-04-28,880605234,황금거위(iOS),,efq4IKkCEZ9y55e,황금거위_보너스캐시_RV_iOS,RV,34,ID 34,4,146,146,71,2,0.543416,48.63,2.82,7.6537
2026-04-28,152630613,황금거위(AOS),,nrbMhFxX4AEcFxq,황금거위_출석체크_RV_Android,RV,0,Adpopcorn SSP,1,634,154,59,15,0.484725,9.31,25.42,8.2157
2026-04-28,152630613,황금거위(AOS),,nrbMhFxX4AEcFxq,황금거위_출석체크_RV_Android,RV,21,AppLovin WF,4,0,0,1,1,0.000000,0.00,100.00,0.0000
2026-04-28,152630613,황금거위(AOS),,nrbMhFxX4AEcFxq,황금거위_출석체크_RV_Android,RV,16,Fyber,4,1534,0,12,3,0.029000,0.78,25.00,2.4167
2026-04-28,152630613,황금거위(AOS),,nrbMhFxX4AEcFxq,황금거위_출석체크_RV_Android,RV,34,ID 34,4,500,259,141,8,0.365841,28.20,5.67,2.5946
2026-04-28,152630613,황금거위(AOS),,nrbMhFxX4AEcFxq,황금거위_출석체크_RV_Android,RV,18,Pangle,4,425,189,78,14,0.030000,18.35,17.95,0.3846
2026-04-28,880605234,황금거위(iOS),,pri9mYRn7kAgmbp,황금거위_출석체크_RV_iOS,RV,0,Adpopcorn SSP,1,93,22,1,0,0.003650,1.08,0.00,3.6500
2026-04-28,880605234,황금거위(iOS),,pri9mYRn7kAgmbp,황금거위_출석체크_RV_iOS,RV,34,ID 34,4,91,91,45,0,0.262332,49.45,0.00,5.8296
2026-04-28,152630613,황금거위(AOS),,TKeAFuGGcj4nJkY,BANNER_320x50_ADNROID,배너,0,Adpopcorn SSP,1,5909,3307,3279,0,0.130770,55.49,0.00,0.0399
2026-04-28,880605234,황금거위(iOS),,K7ycD8gltcncKGp,BANNER_320x50_iOS,배너,0,Adpopcorn SSP,1,458,298,296,0,0.065069,64.63,0.00,0.2198
2026-04-28,152630613,황금거위(AOS),,4zLAQUTzDGMz2Oi,황금거위_황금알_IV_Android,전면,0,Adpopcorn SSP,1,12260,2365,1448,359,6.234892,11.81,24.79,4.3059
2026-04-28,152630613,황금거위(AOS),,4zLAQUTzDGMz2Oi,황금거위_황금알_IV_Android,전면,21,AppLovin WF,4,0,0,103,66,0.100000,0.00,64.08,0.9709
2026-04-28,152630613,황금거위(AOS),,4zLAQUTzDGMz2Oi,황금거위_황금알_IV_Android,전면,16,Fyber,4,31216,0,624,320,1.843000,2.00,51.28,2.9535
2026-04-28,152630613,황금거위(AOS),,4zLAQUTzDGMz2Oi,황금거위_황금알_IV_Android,전면,34,ID 34,4,10401,2927,2177,78,4.350344,20.93,3.58,1.9983
2026-04-28,152630613,황금거위(AOS),,4zLAQUTzDGMz2Oi,황금거위_황금알_IV_Android,전면,18,Pangle,4,11890,3613,2822,517,1.380000,23.73,18.32,0.4890
2026-04-28,880605234,황금거위(iOS),,BppkJs2NQiqilXy,황금거위_황금알_IV_iOS,전면,0,Adpopcorn SSP,1,1150,252,56,8,0.552853,4.87,14.29,9.8724
2026-04-28,880605234,황금거위(iOS),,BppkJs2NQiqilXy,황금거위_황금알_IV_iOS,전면,16,Fyber,4,1155,0,61,50,0.301000,5.28,81.97,4.9344
2026-04-28,880605234,황금거위(iOS),,BppkJs2NQiqilXy,황금거위_황금알_IV_iOS,전면,34,ID 34,4,917,917,684,37,2.048258,74.59,5.41,2.9945
2026-04-29,152630613,황금거위(AOS),,TcKzRUNsjYIQFJs,황금거위_미니게임1_RV_Android,RV,0,Adpopcorn SSP,1,1614,438,298,94,1.776454,18.46,31.54,5.9613
2026-04-29,152630613,황금거위(AOS),,TcKzRUNsjYIQFJs,황금거위_미니게임1_RV_Android,RV,21,AppLovin WF,4,0,0,43,30,0.040000,0.00,69.77,0.9302
2026-04-29,152630613,황금거위(AOS),,TcKzRUNsjYIQFJs,황금거위_미니게임1_RV_Android,RV,16,Fyber,4,4160,0,65,10,0.106000,1.56,15.38,1.6308
2026-04-29,152630613,황금거위(AOS),,TcKzRUNsjYIQFJs,황금거위_미니게임1_RV_Android,RV,34,ID 34,4,1243,91,70,10,0.113228,5.63,14.29,1.6175
2026-04-29,152630613,황금거위(AOS),,TcKzRUNsjYIQFJs,황금거위_미니게임1_RV_Android,RV,18,Pangle,4,2262,744,509,83,0.290000,22.50,16.31,0.5697
2026-04-29,152630613,황금거위(AOS),,TcKzRUNsjYIQFJs,황금거위_미니게임1_RV_Android,RV,14,Vungle,4,0,0,17,8,0.020756,0.00,47.06,1.2209
2026-04-29,880605234,황금거위(iOS),,dwOiJPQUsoXKdMT,황금거위_미니게임1_RV_iOS,RV,0,Adpopcorn SSP,1,122,37,10,4,0.041193,8.20,40.00,4.1193
2026-04-29,880605234,황금거위(iOS),,dwOiJPQUsoXKdMT,황금거위_미니게임1_RV_iOS,RV,16,Fyber,4,1,0,0,0,0.000000,0.00,0.00,0.0000
2026-04-29,880605234,황금거위(iOS),,dwOiJPQUsoXKdMT,황금거위_미니게임1_RV_iOS,RV,34,ID 34,4,106,106,75,3,0.495079,70.75,4.00,6.6011
2026-04-29,880605234,황금거위(iOS),,dwOiJPQUsoXKdMT,황금거위_미니게임1_RV_iOS,RV,18,Pangle,4,26,0,0,0,0.000000,0.00,0.00,0.0000
2026-04-29,152630613,황금거위(AOS),,DECp68UA1uOBhfu,황금거위_미니게임2_RV_Android,RV,0,Adpopcorn SSP,1,1186,373,266,82,1.160016,22.43,30.83,4.3610
2026-04-29,152630613,황금거위(AOS),,DECp68UA1uOBhfu,황금거위_미니게임2_RV_Android,RV,21,AppLovin WF,4,0,0,19,9,0.020000,0.00,47.37,1.0526
2026-04-29,152630613,황금거위(AOS),,DECp68UA1uOBhfu,황금거위_미니게임2_RV_Android,RV,16,Fyber,4,2996,0,46,8,0.054000,1.54,17.39,1.1739
2026-04-29,152630613,황금거위(AOS),,DECp68UA1uOBhfu,황금거위_미니게임2_RV_Android,RV,34,ID 34,4,851,47,37,1,0.054007,4.35,2.70,1.4596
2026-04-29,152630613,황금거위(AOS),,DECp68UA1uOBhfu,황금거위_미니게임2_RV_Android,RV,18,Pangle,4,1661,605,421,98,0.200000,25.35,23.28,0.4751
2026-04-29,152630613,황금거위(AOS),,DECp68UA1uOBhfu,황금거위_미니게임2_RV_Android,RV,14,Vungle,4,0,0,15,5,0.018654,0.00,33.33,1.2436
2026-04-29,880605234,황금거위(iOS),,889ZlHXzRQjWWmw,황금거위_미니게임2_RV_iOS,RV,0,Adpopcorn SSP,1,89,29,3,1,0.009738,3.37,33.33,3.2460
2026-04-29,880605234,황금거위(iOS),,889ZlHXzRQjWWmw,황금거위_미니게임2_RV_iOS,RV,16,Fyber,4,99,0,11,7,0.044000,11.11,63.64,4.0000
2026-04-29,880605234,황금거위(iOS),,889ZlHXzRQjWWmw,황금거위_미니게임2_RV_iOS,RV,34,ID 34,4,71,71,49,3,0.220976,69.01,6.12,4.5097
2026-04-29,880605234,황금거위(iOS),,889ZlHXzRQjWWmw,황금거위_미니게임2_RV_iOS,RV,18,Pangle,4,26,0,0,0,0.000000,0.00,0.00,0.0000
2026-04-29,152630613,황금거위(AOS),,AIeWRQ2R5CbBNyO,황금거위_보너스캐시_RV_Android,RV,0,Adpopcorn SSP,1,2194,528,267,97,1.780738,12.17,36.33,6.6694
2026-04-29,152630613,황금거위(AOS),,AIeWRQ2R5CbBNyO,황금거위_보너스캐시_RV_Android,RV,21,AppLovin WF,4,0,0,3,3,0.000000,0.00,100.00,0.0000
2026-04-29,152630613,황금거위(AOS),,AIeWRQ2R5CbBNyO,황금거위_보너스캐시_RV_Android,RV,16,Fyber,4,4871,0,19,1,0.037000,0.39,5.26,1.9474
2026-04-29,152630613,황금거위(AOS),,AIeWRQ2R5CbBNyO,황금거위_보너스캐시_RV_Android,RV,34,ID 34,4,1636,1007,543,18,1.677465,33.19,3.31,3.0893
2026-04-29,152630613,황금거위(AOS),,AIeWRQ2R5CbBNyO,황금거위_보너스캐시_RV_Android,RV,18,Pangle,4,1887,492,231,46,0.130000,12.24,19.91,0.5628
2026-04-29,152630613,황금거위(AOS),,AIeWRQ2R5CbBNyO,황금거위_보너스캐시_RV_Android,RV,14,Vungle,4,0,0,8,1,0.005693,0.00,12.50,0.7116
2026-04-29,880605234,황금거위(iOS),,efq4IKkCEZ9y55e,황금거위_보너스캐시_RV_iOS,RV,0,Adpopcorn SSP,1,170,48,12,1,0.177291,7.06,8.33,14.7743
2026-04-29,880605234,황금거위(iOS),,efq4IKkCEZ9y55e,황금거위_보너스캐시_RV_iOS,RV,34,ID 34,4,124,124,63,2,0.472374,50.81,3.17,7.4980
2026-04-29,880605234,황금거위(iOS),,efq4IKkCEZ9y55e,황금거위_보너스캐시_RV_iOS,RV,18,Pangle,4,78,23,11,1,0.030000,14.10,9.09,2.7273
2026-04-29,152630613,황금거위(AOS),,nrbMhFxX4AEcFxq,황금거위_출석체크_RV_Android,RV,0,Adpopcorn SSP,1,790,177,79,20,0.408730,10.00,25.32,5.1738
2026-04-29,152630613,황금거위(AOS),,nrbMhFxX4AEcFxq,황금거위_출석체크_RV_Android,RV,21,AppLovin WF,4,0,0,6,1,0.010000,0.00,16.67,1.6667
2026-04-29,152630613,황금거위(AOS),,nrbMhFxX4AEcFxq,황금거위_출석체크_RV_Android,RV,16,Fyber,4,1787,0,19,7,0.055000,1.06,36.84,2.8947
2026-04-29,152630613,황금거위(AOS),,nrbMhFxX4AEcFxq,황금거위_출석체크_RV_Android,RV,34,ID 34,4,627,324,167,11,0.478126,26.63,6.59,2.8630
2026-04-29,152630613,황금거위(AOS),,nrbMhFxX4AEcFxq,황금거위_출석체크_RV_Android,RV,18,Pangle,4,943,206,89,10,0.060000,9.44,11.24,0.6742
2026-04-29,152630613,황금거위(AOS),,nrbMhFxX4AEcFxq,황금거위_출석체크_RV_Android,RV,14,Vungle,4,0,0,7,2,0.011081,0.00,28.57,1.5830
2026-04-29,880605234,황금거위(iOS),,pri9mYRn7kAgmbp,황금거위_출석체크_RV_iOS,RV,0,Adpopcorn SSP,1,69,22,4,0,0.021595,5.80,0.00,5.3987
2026-04-29,880605234,황금거위(iOS),,pri9mYRn7kAgmbp,황금거위_출석체크_RV_iOS,RV,34,ID 34,4,50,50,23,3,0.189284,46.00,13.04,8.2297
2026-04-29,880605234,황금거위(iOS),,pri9mYRn7kAgmbp,황금거위_출석체크_RV_iOS,RV,18,Pangle,4,53,16,8,1,0.020000,15.09,12.50,2.5000
2026-04-29,880605234,황금거위(iOS),,RQeUixRooxXfCLZ,황금거위_황금알_RV_iOS,RV,0,Adpopcorn SSP,1,1,0,0,0,0.000000,0.00,0.00,0.0000
2026-04-29,880605234,황금거위(iOS),,RQeUixRooxXfCLZ,황금거위_황금알_RV_iOS,RV,34,ID 34,4,1,1,0,0,0.000000,0.00,0.00,0.0000
2026-04-29,152630613,황금거위(AOS),,TKeAFuGGcj4nJkY,BANNER_320x50_ADNROID,배너,0,Adpopcorn SSP,1,5955,3532,3494,0,0.129607,58.67,0.00,0.0371
2026-04-29,880605234,황금거위(iOS),,K7ycD8gltcncKGp,BANNER_320x50_iOS,배너,0,Adpopcorn SSP,1,492,324,322,0,0.068620,65.45,0.00,0.2131
2026-04-29,152630613,황금거위(AOS),,4zLAQUTzDGMz2Oi,황금거위_황금알_IV_Android,전면,0,Adpopcorn SSP,1,13023,1980,1208,302,5.376093,9.28,25.00,4.4504
2026-04-29,152630613,황금거위(AOS),,4zLAQUTzDGMz2Oi,황금거위_황금알_IV_Android,전면,21,AppLovin WF,4,0,0,117,84,0.120000,0.00,71.79,1.0256
2026-04-29,152630613,황금거위(AOS),,4zLAQUTzDGMz2Oi,황금거위_황금알_IV_Android,전면,16,Fyber,4,34811,0,561,251,1.613000,1.61,44.74,2.8752
2026-04-29,152630613,황금거위(AOS),,4zLAQUTzDGMz2Oi,황금거위_황금알_IV_Android,전면,34,ID 34,4,10634,3015,2328,114,4.406854,21.89,4.90,1.8930
2026-04-29,152630613,황금거위(AOS),,4zLAQUTzDGMz2Oi,황금거위_황금알_IV_Android,전면,18,Pangle,4,20153,3664,2841,521,1.440000,14.10,18.34,0.5069
2026-04-29,152630613,황금거위(AOS),,4zLAQUTzDGMz2Oi,황금거위_황금알_IV_Android,전면,14,Vungle,4,0,0,175,53,0.139888,0.00,30.29,0.7994
2026-04-29,880605234,황금거위(iOS),,BppkJs2NQiqilXy,황금거위_황금알_IV_iOS,전면,0,Adpopcorn SSP,1,1180,297,42,6,0.439196,3.56,14.29,10.4570
2026-04-29,880605234,황금거위(iOS),,BppkJs2NQiqilXy,황금거위_황금알_IV_iOS,전면,16,Fyber,4,1172,0,66,49,0.326000,5.63,74.24,4.9394
2026-04-29,880605234,황금거위(iOS),,BppkJs2NQiqilXy,황금거위_황금알_IV_iOS,전면,34,ID 34,4,867,867,638,33,1.971215,73.59,5.17,3.0897
2026-04-29,880605234,황금거위(iOS),,BppkJs2NQiqilXy,황금거위_황금알_IV_iOS,전면,18,Pangle,4,610,103,69,11,0.200000,11.31,15.94,2.8986
2026-04-30,152630613,황금거위(AOS),,TcKzRUNsjYIQFJs,황금거위_미니게임1_RV_Android,RV,0,Adpopcorn SSP,1,1534,468,317,89,1.553652,20.66,28.08,4.9011
2026-04-30,152630613,황금거위(AOS),,TcKzRUNsjYIQFJs,황금거위_미니게임1_RV_Android,RV,21,AppLovin WF,4,0,0,3,0,0.000000,0.00,0.00,0.0000
2026-04-30,152630613,황금거위(AOS),,TcKzRUNsjYIQFJs,황금거위_미니게임1_RV_Android,RV,16,Fyber,4,3510,0,22,5,0.097000,0.63,22.73,4.4091
2026-04-30,152630613,황금거위(AOS),,TcKzRUNsjYIQFJs,황금거위_미니게임1_RV_Android,RV,34,ID 34,4,1063,499,376,21,1.105726,35.37,5.59,2.9408
2026-04-30,152630613,황금거위(AOS),,TcKzRUNsjYIQFJs,황금거위_미니게임1_RV_Android,RV,18,Pangle,4,1943,400,262,52,0.190000,13.48,19.85,0.7252
2026-04-30,152630613,황금거위(AOS),,TcKzRUNsjYIQFJs,황금거위_미니게임1_RV_Android,RV,14,Vungle,4,0,0,19,7,0.024011,0.00,36.84,1.2637
2026-04-30,880605234,황금거위(iOS),,dwOiJPQUsoXKdMT,황금거위_미니게임1_RV_iOS,RV,0,Adpopcorn SSP,1,113,22,8,2,0.039269,7.08,25.00,4.9086
2026-04-30,880605234,황금거위(iOS),,dwOiJPQUsoXKdMT,황금거위_미니게임1_RV_iOS,RV,16,Fyber,4,1,0,0,0,0.000000,0.00,0.00,0.0000
2026-04-30,880605234,황금거위(iOS),,dwOiJPQUsoXKdMT,황금거위_미니게임1_RV_iOS,RV,34,ID 34,4,88,88,63,1,0.268396,71.59,1.59,4.2603
2026-04-30,880605234,황금거위(iOS),,dwOiJPQUsoXKdMT,황금거위_미니게임1_RV_iOS,RV,18,Pangle,4,109,14,9,2,0.020000,8.26,22.22,2.2222
2026-04-30,152630613,황금거위(AOS),,DECp68UA1uOBhfu,황금거위_미니게임2_RV_Android,RV,0,Adpopcorn SSP,1,1117,390,277,65,1.046311,24.80,23.47,3.7773
2026-04-30,152630613,황금거위(AOS),,DECp68UA1uOBhfu,황금거위_미니게임2_RV_Android,RV,21,AppLovin WF,4,0,0,6,2,0.010000,0.00,33.33,1.6667
2026-04-30,152630613,황금거위(AOS),,DECp68UA1uOBhfu,황금거위_미니게임2_RV_Android,RV,16,Fyber,4,2620,0,20,7,0.067000,0.76,35.00,3.3500
2026-04-30,152630613,황금거위(AOS),,DECp68UA1uOBhfu,황금거위_미니게임2_RV_Android,RV,34,ID 34,4,659,287,214,22,0.903027,32.47,10.28,4.2198
2026-04-30,152630613,황금거위(AOS),,DECp68UA1uOBhfu,황금거위_미니게임2_RV_Android,RV,18,Pangle,4,1468,319,216,35,0.100000,14.71,16.20,0.4630
2026-04-30,152630613,황금거위(AOS),,DECp68UA1uOBhfu,황금거위_미니게임2_RV_Android,RV,14,Vungle,4,0,0,16,8,0.019351,0.00,50.00,1.2094
2026-04-30,880605234,황금거위(iOS),,889ZlHXzRQjWWmw,황금거위_미니게임2_RV_iOS,RV,0,Adpopcorn SSP,1,92,15,6,1,0.025802,6.52,16.67,4.3003
2026-04-30,880605234,황금거위(iOS),,889ZlHXzRQjWWmw,황금거위_미니게임2_RV_iOS,RV,16,Fyber,4,97,0,5,2,0.020000,5.15,40.00,4.0000
2026-04-30,880605234,황금거위(iOS),,889ZlHXzRQjWWmw,황금거위_미니게임2_RV_iOS,RV,34,ID 34,4,65,65,49,1,0.173447,75.38,2.04,3.5397
2026-04-30,880605234,황금거위(iOS),,889ZlHXzRQjWWmw,황금거위_미니게임2_RV_iOS,RV,18,Pangle,4,84,16,9,4,0.030000,10.71,44.44,3.3333
2026-04-30,152630613,황금거위(AOS),,AIeWRQ2R5CbBNyO,황금거위_보너스캐시_RV_Android,RV,0,Adpopcorn SSP,1,1998,474,247,64,1.414175,12.36,25.91,5.7254
2026-04-30,152630613,황금거위(AOS),,AIeWRQ2R5CbBNyO,황금거위_보너스캐시_RV_Android,RV,21,AppLovin WF,4,0,0,2,1,0.000000,0.00,50.00,0.0000
2026-04-30,152630613,황금거위(AOS),,AIeWRQ2R5CbBNyO,황금거위_보너스캐시_RV_Android,RV,16,Fyber,4,4452,0,15,3,0.084000,0.34,20.00,5.6000
2026-04-30,152630613,황금거위(AOS),,AIeWRQ2R5CbBNyO,황금거위_보너스캐시_RV_Android,RV,34,ID 34,4,1412,846,447,18,1.147299,31.66,4.03,2.5667
2026-04-30,152630613,황금거위(AOS),,AIeWRQ2R5CbBNyO,황금거위_보너스캐시_RV_Android,RV,18,Pangle,4,2461,472,225,35,0.170000,9.14,15.56,0.7556
2026-04-30,152630613,황금거위(AOS),,AIeWRQ2R5CbBNyO,황금거위_보너스캐시_RV_Android,RV,14,Vungle,4,0,0,12,6,0.019163,0.00,50.00,1.5969
2026-04-30,880605234,황금거위(iOS),,efq4IKkCEZ9y55e,황금거위_보너스캐시_RV_iOS,RV,0,Adpopcorn SSP,1,189,29,5,2,0.029078,2.65,40.00,5.8156
2026-04-30,880605234,황금거위(iOS),,efq4IKkCEZ9y55e,황금거위_보너스캐시_RV_iOS,RV,34,ID 34,4,144,144,74,2,0.420188,51.39,2.70,5.6782
2026-04-30,880605234,황금거위(iOS),,efq4IKkCEZ9y55e,황금거위_보너스캐시_RV_iOS,RV,18,Pangle,4,188,36,17,4,0.050000,9.04,23.53,2.9412
2026-04-30,152630613,황금거위(AOS),,nrbMhFxX4AEcFxq,황금거위_출석체크_RV_Android,RV,0,Adpopcorn SSP,1,710,159,60,23,0.295137,8.45,38.33,4.9189
2026-04-30,152630613,황금거위(AOS),,nrbMhFxX4AEcFxq,황금거위_출석체크_RV_Android,RV,21,AppLovin WF,4,0,0,2,1,0.000000,0.00,50.00,0.0000
2026-04-30,152630613,황금거위(AOS),,nrbMhFxX4AEcFxq,황금거위_출석체크_RV_Android,RV,16,Fyber,4,1668,0,17,6,0.056000,1.02,35.29,3.2941
2026-04-30,152630613,황금거위(AOS),,nrbMhFxX4AEcFxq,황금거위_출석체크_RV_Android,RV,34,ID 34,4,477,273,144,14,0.359689,30.19,9.72,2.4978
2026-04-30,152630613,황금거위(AOS),,nrbMhFxX4AEcFxq,황금거위_출석체크_RV_Android,RV,18,Pangle,4,940,174,76,15,0.060000,8.09,19.74,0.7895
2026-04-30,152630613,황금거위(AOS),,nrbMhFxX4AEcFxq,황금거위_출석체크_RV_Android,RV,14,Vungle,4,0,0,4,2,0.001789,0.00,50.00,0.4472
2026-04-30,880605234,황금거위(iOS),,pri9mYRn7kAgmbp,황금거위_출석체크_RV_iOS,RV,0,Adpopcorn SSP,1,90,18,2,1,0.013951,2.22,50.00,6.9755
2026-04-30,880605234,황금거위(iOS),,pri9mYRn7kAgmbp,황금거위_출석체크_RV_iOS,RV,34,ID 34,4,64,64,30,3,0.149485,46.88,10.00,4.9828
2026-04-30,880605234,황금거위(iOS),,pri9mYRn7kAgmbp,황금거위_출석체크_RV_iOS,RV,18,Pangle,4,87,21,10,2,0.030000,11.49,20.00,3.0000
2026-04-30,152630613,황금거위(AOS),,TKeAFuGGcj4nJkY,BANNER_320x50_ADNROID,배너,0,Adpopcorn SSP,1,5881,3909,3871,3,0.121352,65.82,0.08,0.0313
2026-04-30,880605234,황금거위(iOS),,K7ycD8gltcncKGp,BANNER_320x50_iOS,배너,0,Adpopcorn SSP,1,469,283,283,0,0.050154,60.34,0.00,0.1772
2026-04-30,152630613,황금거위(AOS),,4zLAQUTzDGMz2Oi,황금거위_황금알_IV_Android,전면,0,Adpopcorn SSP,1,12925,1946,1141,277,4.490091,8.83,24.28,3.9352
2026-04-30,152630613,황금거위(AOS),,4zLAQUTzDGMz2Oi,황금거위_황금알_IV_Android,전면,21,AppLovin WF,4,0,0,58,35,0.060000,0.00,60.34,1.0345
2026-04-30,152630613,황금거위(AOS),,4zLAQUTzDGMz2Oi,황금거위_황금알_IV_Android,전면,16,Fyber,4,31745,0,558,271,2.062000,1.76,48.57,3.6953
2026-04-30,152630613,황금거위(AOS),,4zLAQUTzDGMz2Oi,황금거위_황금알_IV_Android,전면,34,ID 34,4,10138,3192,2338,155,4.408890,23.06,6.63,1.8858
2026-04-30,152630613,황금거위(AOS),,4zLAQUTzDGMz2Oi,황금거위_황금알_IV_Android,전면,18,Pangle,4,23670,3022,2343,392,1.210000,9.90,16.73,0.5164
2026-04-30,152630613,황금거위(AOS),,4zLAQUTzDGMz2Oi,황금거위_황금알_IV_Android,전면,14,Vungle,4,0,0,182,77,0.199260,0.00,42.31,1.0948
2026-04-30,880605234,황금거위(iOS),,BppkJs2NQiqilXy,황금거위_황금알_IV_iOS,전면,0,Adpopcorn SSP,1,1139,246,43,14,0.313259,3.78,32.56,7.2851
2026-04-30,880605234,황금거위(iOS),,BppkJs2NQiqilXy,황금거위_황금알_IV_iOS,전면,16,Fyber,4,1105,0,50,47,0.246000,4.52,94.00,4.9200
2026-04-30,880605234,황금거위(iOS),,BppkJs2NQiqilXy,황금거위_황금알_IV_iOS,전면,34,ID 34,4,791,791,588,41,1.322352,74.34,6.97,2.2489
2026-04-30,880605234,황금거위(iOS),,BppkJs2NQiqilXy,황금거위_황금알_IV_iOS,전면,18,Pangle,4,966,152,99,26,0.290000,10.25,26.26,2.9293
2026-05-01,152630613,황금거위(AOS),,TcKzRUNsjYIQFJs,황금거위_미니게임1_RV_Android,RV,0,Adpopcorn SSP,1,1582,411,275,72,1.323124,17.38,26.18,4.8114
2026-05-01,152630613,황금거위(AOS),,TcKzRUNsjYIQFJs,황금거위_미니게임1_RV_Android,RV,16,Fyber,4,3601,0,26,6,0.121000,0.72,23.08,4.6538
2026-05-01,152630613,황금거위(AOS),,TcKzRUNsjYIQFJs,황금거위_미니게임1_RV_Android,RV,34,ID 34,4,979,613,470,17,1.210996,48.01,3.62,2.5766
2026-05-01,152630613,황금거위(AOS),,TcKzRUNsjYIQFJs,황금거위_미니게임1_RV_Android,RV,18,Pangle,4,2116,409,254,56,0.150000,12.00,22.05,0.5906
2026-05-01,152630613,황금거위(AOS),,TcKzRUNsjYIQFJs,황금거위_미니게임1_RV_Android,RV,14,Vungle,4,0,0,15,3,0.030556,0.00,20.00,2.0371
2026-05-01,880605234,황금거위(iOS),,dwOiJPQUsoXKdMT,황금거위_미니게임1_RV_iOS,RV,0,Adpopcorn SSP,1,125,20,1,1,0.026292,0.80,100.00,26.2920
2026-05-01,880605234,황금거위(iOS),,dwOiJPQUsoXKdMT,황금거위_미니게임1_RV_iOS,RV,34,ID 34,4,97,97,71,8,0.303929,73.20,11.27,4.2807
2026-05-01,880605234,황금거위(iOS),,dwOiJPQUsoXKdMT,황금거위_미니게임1_RV_iOS,RV,18,Pangle,4,128,27,17,3,0.050000,13.28,17.65,2.9412
2026-05-01,152630613,황금거위(AOS),,DECp68UA1uOBhfu,황금거위_미니게임2_RV_Android,RV,0,Adpopcorn SSP,1,1157,381,270,70,1.110837,23.34,25.93,4.1142
2026-05-01,152630613,황금거위(AOS),,DECp68UA1uOBhfu,황금거위_미니게임2_RV_Android,RV,21,AppLovin WF,4,0,0,3,1,0.000000,0.00,33.33,0.0000
2026-05-01,152630613,황금거위(AOS),,DECp68UA1uOBhfu,황금거위_미니게임2_RV_Android,RV,16,Fyber,4,2699,0,21,3,0.028000,0.78,14.29,1.3333
2026-05-01,152630613,황금거위(AOS),,DECp68UA1uOBhfu,황금거위_미니게임2_RV_Android,RV,34,ID 34,4,727,330,243,20,0.542489,33.43,8.23,2.2325
2026-05-01,152630613,황금거위(AOS),,DECp68UA1uOBhfu,황금거위_미니게임2_RV_Android,RV,18,Pangle,4,1530,325,218,38,0.110000,14.25,17.43,0.5046
2026-05-01,152630613,황금거위(AOS),,DECp68UA1uOBhfu,황금거위_미니게임2_RV_Android,RV,14,Vungle,4,0,0,10,4,0.019322,0.00,40.00,1.9322
2026-05-01,880605234,황금거위(iOS),,889ZlHXzRQjWWmw,황금거위_미니게임2_RV_iOS,RV,0,Adpopcorn SSP,1,109,24,3,2,0.008937,2.75,66.67,2.9790
2026-05-01,880605234,황금거위(iOS),,889ZlHXzRQjWWmw,황금거위_미니게임2_RV_iOS,RV,16,Fyber,4,103,0,7,4,0.028000,6.80,57.14,4.0000
2026-05-01,880605234,황금거위(iOS),,889ZlHXzRQjWWmw,황금거위_미니게임2_RV_iOS,RV,34,ID 34,4,77,77,57,2,0.238227,74.03,3.51,4.1794
2026-05-01,880605234,황금거위(iOS),,889ZlHXzRQjWWmw,황금거위_미니게임2_RV_iOS,RV,18,Pangle,4,96,16,10,2,0.030000,10.42,20.00,3.0000
2026-05-01,152630613,황금거위(AOS),,AIeWRQ2R5CbBNyO,황금거위_보너스캐시_RV_Android,RV,0,Adpopcorn SSP,1,2138,474,238,69,1.506031,11.13,28.99,6.3279
2026-05-01,152630613,황금거위(AOS),,AIeWRQ2R5CbBNyO,황금거위_보너스캐시_RV_Android,RV,21,AppLovin WF,4,0,0,9,5,0.010000,0.00,55.56,1.1111
2026-05-01,152630613,황금거위(AOS),,AIeWRQ2R5CbBNyO,황금거위_보너스캐시_RV_Android,RV,16,Fyber,4,4833,0,18,3,0.071000,0.37,16.67,3.9444
2026-05-01,152630613,황금거위(AOS),,AIeWRQ2R5CbBNyO,황금거위_보너스캐시_RV_Android,RV,34,ID 34,4,1519,931,501,32,1.212080,32.98,6.39,2.4193
2026-05-01,152630613,황금거위(AOS),,AIeWRQ2R5CbBNyO,황금거위_보너스캐시_RV_Android,RV,18,Pangle,4,2677,491,237,45,0.160000,8.85,18.99,0.6751
2026-05-01,152630613,황금거위(AOS),,AIeWRQ2R5CbBNyO,황금거위_보너스캐시_RV_Android,RV,14,Vungle,4,0,0,17,3,0.033705,0.00,17.65,1.9826
2026-05-01,880605234,황금거위(iOS),,efq4IKkCEZ9y55e,황금거위_보너스캐시_RV_iOS,RV,0,Adpopcorn SSP,1,182,31,9,0,0.058718,4.95,0.00,6.5242
2026-05-01,880605234,황금거위(iOS),,efq4IKkCEZ9y55e,황금거위_보너스캐시_RV_iOS,RV,34,ID 34,4,122,122,61,2,0.229913,50.00,3.28,3.7691
2026-05-01,880605234,황금거위(iOS),,efq4IKkCEZ9y55e,황금거위_보너스캐시_RV_iOS,RV,18,Pangle,4,171,47,21,4,0.060000,12.28,19.05,2.8571
2026-05-01,152630613,황금거위(AOS),,nrbMhFxX4AEcFxq,황금거위_출석체크_RV_Android,RV,0,Adpopcorn SSP,1,683,175,77,16,0.418828,11.27,20.78,5.4393
2026-05-01,152630613,황금거위(AOS),,nrbMhFxX4AEcFxq,황금거위_출석체크_RV_Android,RV,21,AppLovin WF,4,0,0,4,1,0.000000,0.00,25.00,0.0000
2026-05-01,152630613,황금거위(AOS),,nrbMhFxX4AEcFxq,황금거위_출석체크_RV_Android,RV,16,Fyber,4,1570,0,18,3,0.058000,1.15,16.67,3.2222
2026-05-01,152630613,황금거위(AOS),,nrbMhFxX4AEcFxq,황금거위_출석체크_RV_Android,RV,34,ID 34,4,422,242,120,3,0.298234,28.44,2.50,2.4853
2026-05-01,152630613,황금거위(AOS),,nrbMhFxX4AEcFxq,황금거위_출석체크_RV_Android,RV,18,Pangle,4,937,200,82,17,0.050000,8.75,20.73,0.6098
2026-05-01,152630613,황금거위(AOS),,nrbMhFxX4AEcFxq,황금거위_출석체크_RV_Android,RV,14,Vungle,4,0,0,7,0,0.008202,0.00,0.00,1.1717
2026-05-01,880605234,황금거위(iOS),,pri9mYRn7kAgmbp,황금거위_출석체크_RV_iOS,RV,0,Adpopcorn SSP,1,69,9,0,0,0.000000,0.00,0.00,0.0000
2026-05-01,880605234,황금거위(iOS),,pri9mYRn7kAgmbp,황금거위_출석체크_RV_iOS,RV,16,Fyber,4,2,0,1,0,0.001000,50.00,0.00,1.0000
2026-05-01,880605234,황금거위(iOS),,pri9mYRn7kAgmbp,황금거위_출석체크_RV_iOS,RV,34,ID 34,4,55,55,27,0,0.208258,49.09,0.00,7.7133
2026-05-01,880605234,황금거위(iOS),,pri9mYRn7kAgmbp,황금거위_출석체크_RV_iOS,RV,18,Pangle,4,76,16,8,4,0.020000,10.53,50.00,2.5000
2026-05-01,152630613,황금거위(AOS),,XvgdJsTGilO5s0n,황금거위_황금알_RV_Android,RV,0,Adpopcorn SSP,1,1,1,1,0,0.002725,100.00,0.00,2.7250
2026-05-01,152630613,황금거위(AOS),,TKeAFuGGcj4nJkY,BANNER_320x50_ADNROID,배너,0,Adpopcorn SSP,1,5688,3195,3178,3,0.123275,55.87,0.09,0.0388
2026-05-01,880605234,황금거위(iOS),,K7ycD8gltcncKGp,BANNER_320x50_iOS,배너,0,Adpopcorn SSP,1,498,285,284,0,0.052101,57.03,0.00,0.1835
2026-05-01,152630613,황금거위(AOS),,4zLAQUTzDGMz2Oi,황금거위_황금알_IV_Android,전면,0,Adpopcorn SSP,1,12692,2075,1332,334,5.384792,10.49,25.08,4.0426
2026-05-01,152630613,황금거위(AOS),,4zLAQUTzDGMz2Oi,황금거위_황금알_IV_Android,전면,21,AppLovin WF,4,0,0,65,49,0.070000,0.00,75.38,1.0769
2026-05-01,152630613,황금거위(AOS),,4zLAQUTzDGMz2Oi,황금거위_황금알_IV_Android,전면,16,Fyber,4,31944,0,665,307,2.218000,2.08,46.17,3.3353
2026-05-01,152630613,황금거위(AOS),,4zLAQUTzDGMz2Oi,황금거위_황금알_IV_Android,전면,34,ID 34,4,10115,3283,2489,166,5.056951,24.61,6.67,2.0317
2026-05-01,152630613,황금거위(AOS),,4zLAQUTzDGMz2Oi,황금거위_황금알_IV_Android,전면,18,Pangle,4,22367,2943,2307,412,1.170000,10.31,17.86,0.5072
2026-05-01,152630613,황금거위(AOS),,4zLAQUTzDGMz2Oi,황금거위_황금알_IV_Android,전면,14,Vungle,4,0,0,152,52,0.167517,0.00,34.21,1.1021
2026-05-01,880605234,황금거위(iOS),,BppkJs2NQiqilXy,황금거위_황금알_IV_iOS,전면,0,Adpopcorn SSP,1,1146,219,48,8,0.357105,4.19,16.67,7.4397
2026-05-01,880605234,황금거위(iOS),,BppkJs2NQiqilXy,황금거위_황금알_IV_iOS,전면,16,Fyber,4,1135,0,36,26,0.180000,3.17,72.22,5.0000
2026-05-01,880605234,황금거위(iOS),,BppkJs2NQiqilXy,황금거위_황금알_IV_iOS,전면,34,ID 34,4,794,794,588,37,1.306672,74.06,6.29,2.2222
2026-05-01,880605234,황금거위(iOS),,BppkJs2NQiqilXy,황금거위_황금알_IV_iOS,전면,18,Pangle,4,1037,198,130,20,0.380000,12.54,15.38,2.9231
2026-05-02,152630613,황금거위(AOS),,TcKzRUNsjYIQFJs,황금거위_미니게임1_RV_Android,RV,0,Adpopcorn SSP,1,1545,444,301,70,1.478802,19.48,23.26,4.9130
2026-05-02,152630613,황금거위(AOS),,TcKzRUNsjYIQFJs,황금거위_미니게임1_RV_Android,RV,21,AppLovin WF,4,0,0,3,2,0.000000,0.00,66.67,0.0000
2026-05-02,152630613,황금거위(AOS),,TcKzRUNsjYIQFJs,황금거위_미니게임1_RV_Android,RV,16,Fyber,4,3478,0,27,11,0.165000,0.78,40.74,6.1111
2026-05-02,152630613,황금거위(AOS),,TcKzRUNsjYIQFJs,황금거위_미니게임1_RV_Android,RV,34,ID 34,4,1051,583,427,31,0.953413,40.63,7.26,2.2328
2026-05-02,152630613,황금거위(AOS),,TcKzRUNsjYIQFJs,황금거위_미니게임1_RV_Android,RV,18,Pangle,4,1954,390,253,37,0.160000,12.95,14.62,0.6324
2026-05-02,152630613,황금거위(AOS),,TcKzRUNsjYIQFJs,황금거위_미니게임1_RV_Android,RV,14,Vungle,4,0,0,18,1,0.022364,0.00,5.56,1.2424
2026-05-02,880605234,황금거위(iOS),,dwOiJPQUsoXKdMT,황금거위_미니게임1_RV_iOS,RV,0,Adpopcorn SSP,1,161,33,4,1,0.021401,2.48,25.00,5.3502
2026-05-02,880605234,황금거위(iOS),,dwOiJPQUsoXKdMT,황금거위_미니게임1_RV_iOS,RV,34,ID 34,4,115,115,83,4,0.331929,72.17,4.82,3.9991
2026-05-02,880605234,황금거위(iOS),,dwOiJPQUsoXKdMT,황금거위_미니게임1_RV_iOS,RV,18,Pangle,4,159,33,19,3,0.060000,11.95,15.79,3.1579
2026-05-02,152630613,황금거위(AOS),,DECp68UA1uOBhfu,황금거위_미니게임2_RV_Android,RV,0,Adpopcorn SSP,1,1171,405,292,73,1.368122,24.94,25.00,4.6853
2026-05-02,152630613,황금거위(AOS),,DECp68UA1uOBhfu,황금거위_미니게임2_RV_Android,RV,21,AppLovin WF,4,0,0,4,0,0.000000,0.00,0.00,0.0000
2026-05-02,152630613,황금거위(AOS),,DECp68UA1uOBhfu,황금거위_미니게임2_RV_Android,RV,16,Fyber,4,2798,0,10,8,0.040000,0.36,80.00,4.0000
2026-05-02,152630613,황금거위(AOS),,DECp68UA1uOBhfu,황금거위_미니게임2_RV_Android,RV,34,ID 34,4,822,329,233,25,0.456823,28.35,10.73,1.9606
2026-05-02,152630613,황금거위(AOS),,DECp68UA1uOBhfu,황금거위_미니게임2_RV_Android,RV,18,Pangle,4,1577,327,220,39,0.100000,13.95,17.73,0.4545
2026-05-02,152630613,황금거위(AOS),,DECp68UA1uOBhfu,황금거위_미니게임2_RV_Android,RV,14,Vungle,4,0,0,15,2,0.019031,0.00,13.33,1.2687
2026-05-02,880605234,황금거위(iOS),,889ZlHXzRQjWWmw,황금거위_미니게임2_RV_iOS,RV,0,Adpopcorn SSP,1,128,26,1,1,0.002992,0.78,100.00,2.9920
2026-05-02,880605234,황금거위(iOS),,889ZlHXzRQjWWmw,황금거위_미니게임2_RV_iOS,RV,16,Fyber,4,120,0,11,5,0.044000,9.17,45.45,4.0000
2026-05-02,880605234,황금거위(iOS),,889ZlHXzRQjWWmw,황금거위_미니게임2_RV_iOS,RV,34,ID 34,4,87,87,62,1,0.183522,71.26,1.61,2.9600
2026-05-02,880605234,황금거위(iOS),,889ZlHXzRQjWWmw,황금거위_미니게임2_RV_iOS,RV,18,Pangle,4,118,22,15,2,0.050000,12.71,13.33,3.3333
2026-05-02,152630613,황금거위(AOS),,AIeWRQ2R5CbBNyO,황금거위_보너스캐시_RV_Android,RV,0,Adpopcorn SSP,1,2041,447,214,73,1.267292,10.49,34.11,5.9219
2026-05-02,152630613,황금거위(AOS),,AIeWRQ2R5CbBNyO,황금거위_보너스캐시_RV_Android,RV,21,AppLovin WF,4,0,0,7,2,0.010000,0.00,28.57,1.4286
2026-05-02,152630613,황금거위(AOS),,AIeWRQ2R5CbBNyO,황금거위_보너스캐시_RV_Android,RV,16,Fyber,4,4646,0,14,5,0.050000,0.30,35.71,3.5714
2026-05-02,152630613,황금거위(AOS),,AIeWRQ2R5CbBNyO,황금거위_보너스캐시_RV_Android,RV,34,ID 34,4,1318,850,467,35,1.263321,35.43,7.49,2.7052
2026-05-02,152630613,황금거위(AOS),,AIeWRQ2R5CbBNyO,황금거위_보너스캐시_RV_Android,RV,18,Pangle,4,2655,498,245,36,0.160000,9.23,14.69,0.6531
2026-05-02,152630613,황금거위(AOS),,AIeWRQ2R5CbBNyO,황금거위_보너스캐시_RV_Android,RV,14,Vungle,4,0,0,19,3,0.025123,0.00,15.79,1.3223
2026-05-02,880605234,황금거위(iOS),,efq4IKkCEZ9y55e,황금거위_보너스캐시_RV_iOS,RV,0,Adpopcorn SSP,1,192,27,2,1,0.007218,1.04,50.00,3.6090
2026-05-02,880605234,황금거위(iOS),,efq4IKkCEZ9y55e,황금거위_보너스캐시_RV_iOS,RV,16,Fyber,4,1,0,1,0,0.001000,100.00,0.00,1.0000
2026-05-02,880605234,황금거위(iOS),,efq4IKkCEZ9y55e,황금거위_보너스캐시_RV_iOS,RV,34,ID 34,4,119,119,61,0,0.243248,51.26,0.00,3.9877
2026-05-02,880605234,황금거위(iOS),,efq4IKkCEZ9y55e,황금거위_보너스캐시_RV_iOS,RV,18,Pangle,4,200,60,32,10,0.100000,16.00,31.25,3.1250
2026-05-02,152630613,황금거위(AOS),,nrbMhFxX4AEcFxq,황금거위_출석체크_RV_Android,RV,0,Adpopcorn SSP,1,711,152,69,23,0.440894,9.70,33.33,6.3898
2026-05-02,152630613,황금거위(AOS),,nrbMhFxX4AEcFxq,황금거위_출석체크_RV_Android,RV,21,AppLovin WF,4,0,0,2,1,0.000000,0.00,50.00,0.0000
2026-05-02,152630613,황금거위(AOS),,nrbMhFxX4AEcFxq,황금거위_출석체크_RV_Android,RV,16,Fyber,4,1609,0,13,6,0.049000,0.81,46.15,3.7692
2026-05-02,152630613,황금거위(AOS),,nrbMhFxX4AEcFxq,황금거위_출석체크_RV_Android,RV,34,ID 34,4,553,265,138,11,0.331576,24.95,7.97,2.4027
2026-05-02,152630613,황금거위(AOS),,nrbMhFxX4AEcFxq,황금거위_출석체크_RV_Android,RV,18,Pangle,4,1021,239,102,18,0.060000,9.99,17.65,0.5882
2026-05-02,152630613,황금거위(AOS),,nrbMhFxX4AEcFxq,황금거위_출석체크_RV_Android,RV,14,Vungle,4,0,0,6,1,0.005105,0.00,16.67,0.8508
2026-05-02,880605234,황금거위(iOS),,pri9mYRn7kAgmbp,황금거위_출석체크_RV_iOS,RV,0,Adpopcorn SSP,1,84,16,0,0,0.000000,0.00,0.00,0.0000
2026-05-02,880605234,황금거위(iOS),,pri9mYRn7kAgmbp,황금거위_출석체크_RV_iOS,RV,34,ID 34,4,66,66,31,2,0.134463,46.97,6.45,4.3375
2026-05-02,880605234,황금거위(iOS),,pri9mYRn7kAgmbp,황금거위_출석체크_RV_iOS,RV,18,Pangle,4,84,13,7,3,0.020000,8.33,42.86,2.8571
2026-05-02,152630613,황금거위(AOS),,TKeAFuGGcj4nJkY,BANNER_320x50_ADNROID,배너,0,Adpopcorn SSP,1,5674,2955,2936,2,0.106033,51.74,0.07,0.0361
2026-05-02,880605234,황금거위(iOS),,K7ycD8gltcncKGp,BANNER_320x50_iOS,배너,0,Adpopcorn SSP,1,519,315,315,0,0.039734,60.69,0.00,0.1261
2026-05-02,152630613,황금거위(AOS),,4zLAQUTzDGMz2Oi,황금거위_황금알_IV_Android,전면,0,Adpopcorn SSP,1,12362,2027,1273,328,5.117533,10.30,25.77,4.0201
2026-05-02,152630613,황금거위(AOS),,4zLAQUTzDGMz2Oi,황금거위_황금알_IV_Android,전면,21,AppLovin WF,4,0,0,63,46,0.060000,0.00,73.02,0.9524
2026-05-02,152630613,황금거위(AOS),,4zLAQUTzDGMz2Oi,황금거위_황금알_IV_Android,전면,16,Fyber,4,31777,0,585,274,2.125000,1.84,46.84,3.6325
2026-05-02,152630613,황금거위(AOS),,4zLAQUTzDGMz2Oi,황금거위_황금알_IV_Android,전면,34,ID 34,4,10301,3292,2426,220,4.468211,23.55,9.07,1.8418
2026-05-02,152630613,황금거위(AOS),,4zLAQUTzDGMz2Oi,황금거위_황금알_IV_Android,전면,18,Pangle,4,21966,2963,2325,408,1.220000,10.58,17.55,0.5247
2026-05-02,152630613,황금거위(AOS),,4zLAQUTzDGMz2Oi,황금거위_황금알_IV_Android,전면,14,Vungle,4,0,0,171,52,0.145531,0.00,30.41,0.8511
2026-05-02,880605234,황금거위(iOS),,BppkJs2NQiqilXy,황금거위_황금알_IV_iOS,전면,0,Adpopcorn SSP,1,1148,185,32,6,0.253618,2.79,18.75,7.9256
2026-05-02,880605234,황금거위(iOS),,BppkJs2NQiqilXy,황금거위_황금알_IV_iOS,전면,16,Fyber,4,1128,0,70,61,0.350000,6.21,87.14,5.0000
2026-05-02,880605234,황금거위(iOS),,BppkJs2NQiqilXy,황금거위_황금알_IV_iOS,전면,34,ID 34,4,785,785,594,38,1.244976,75.67,6.40,2.0959
2026-05-02,880605234,황금거위(iOS),,BppkJs2NQiqilXy,황금거위_황금알_IV_iOS,전면,18,Pangle,4,1013,171,109,15,0.330000,10.76,13.76,3.0275
2026-05-03,152630613,황금거위(AOS),,TcKzRUNsjYIQFJs,황금거위_미니게임1_RV_Android,RV,0,Adpopcorn SSP,1,1570,391,262,87,1.416400,16.69,33.21,5.4061
2026-05-03,152630613,황금거위(AOS),,TcKzRUNsjYIQFJs,황금거위_미니게임1_RV_Android,RV,21,AppLovin WF,4,0,0,7,4,0.010000,0.00,57.14,1.4286
2026-05-03,152630613,황금거위(AOS),,TcKzRUNsjYIQFJs,황금거위_미니게임1_RV_Android,RV,16,Fyber,4,3599,0,21,12,0.125000,0.58,57.14,5.9524
2026-05-03,152630613,황금거위(AOS),,TcKzRUNsjYIQFJs,황금거위_미니게임1_RV_Android,RV,34,ID 34,4,1061,545,410,22,0.984185,38.64,5.37,2.4005
2026-05-03,152630613,황금거위(AOS),,TcKzRUNsjYIQFJs,황금거위_미니게임1_RV_Android,RV,18,Pangle,4,2291,483,313,58,0.160000,13.66,18.53,0.5112
2026-05-03,152630613,황금거위(AOS),,TcKzRUNsjYIQFJs,황금거위_미니게임1_RV_Android,RV,14,Vungle,4,0,0,18,2,0.025908,0.00,11.11,1.4393
2026-05-03,880605234,황금거위(iOS),,dwOiJPQUsoXKdMT,황금거위_미니게임1_RV_iOS,RV,0,Adpopcorn SSP,1,134,31,7,1,0.042008,5.22,14.29,6.0011
2026-05-03,880605234,황금거위(iOS),,dwOiJPQUsoXKdMT,황금거위_미니게임1_RV_iOS,RV,34,ID 34,4,83,83,63,0,0.316158,75.90,0.00,5.0184
2026-05-03,880605234,황금거위(iOS),,dwOiJPQUsoXKdMT,황금거위_미니게임1_RV_iOS,RV,18,Pangle,4,123,38,22,7,0.070000,17.89,31.82,3.1818
2026-05-03,152630613,황금거위(AOS),,DECp68UA1uOBhfu,황금거위_미니게임2_RV_Android,RV,0,Adpopcorn SSP,1,1214,427,292,73,1.040696,24.05,25.00,3.5640
2026-05-03,152630613,황금거위(AOS),,DECp68UA1uOBhfu,황금거위_미니게임2_RV_Android,RV,21,AppLovin WF,4,0,0,5,0,0.010000,0.00,0.00,2.0000
2026-05-03,152630613,황금거위(AOS),,DECp68UA1uOBhfu,황금거위_미니게임2_RV_Android,RV,16,Fyber,4,2722,0,9,2,0.031000,0.33,22.22,3.4444
2026-05-03,152630613,황금거위(AOS),,DECp68UA1uOBhfu,황금거위_미니게임2_RV_Android,RV,34,ID 34,4,735,303,223,17,0.478956,30.34,7.62,2.1478
2026-05-03,152630613,황금거위(AOS),,DECp68UA1uOBhfu,황금거위_미니게임2_RV_Android,RV,18,Pangle,4,1654,401,272,52,0.120000,16.44,19.12,0.4412
2026-05-03,152630613,황금거위(AOS),,DECp68UA1uOBhfu,황금거위_미니게임2_RV_Android,RV,14,Vungle,4,0,0,14,2,0.017442,0.00,14.29,1.2459
2026-05-03,880605234,황금거위(iOS),,889ZlHXzRQjWWmw,황금거위_미니게임2_RV_iOS,RV,0,Adpopcorn SSP,1,107,16,0,0,0.000000,0.00,0.00,0.0000
2026-05-03,880605234,황금거위(iOS),,889ZlHXzRQjWWmw,황금거위_미니게임2_RV_iOS,RV,16,Fyber,4,103,0,8,5,0.032000,7.77,62.50,4.0000
2026-05-03,880605234,황금거위(iOS),,889ZlHXzRQjWWmw,황금거위_미니게임2_RV_iOS,RV,34,ID 34,4,72,72,52,2,0.254398,72.22,3.85,4.8923
2026-05-03,880605234,황금거위(iOS),,889ZlHXzRQjWWmw,황금거위_미니게임2_RV_iOS,RV,18,Pangle,4,96,21,13,1,0.040000,13.54,7.69,3.0769
2026-05-03,152630613,황금거위(AOS),,AIeWRQ2R5CbBNyO,황금거위_보너스캐시_RV_Android,RV,0,Adpopcorn SSP,1,2086,481,244,95,1.646514,11.70,38.93,6.7480
2026-05-03,152630613,황금거위(AOS),,AIeWRQ2R5CbBNyO,황금거위_보너스캐시_RV_Android,RV,21,AppLovin WF,4,0,0,6,4,0.010000,0.00,66.67,1.6667
2026-05-03,152630613,황금거위(AOS),,AIeWRQ2R5CbBNyO,황금거위_보너스캐시_RV_Android,RV,16,Fyber,4,4741,0,13,4,0.075000,0.27,30.77,5.7692
2026-05-03,152630613,황금거위(AOS),,AIeWRQ2R5CbBNyO,황금거위_보너스캐시_RV_Android,RV,34,ID 34,4,1447,810,450,17,1.123525,31.10,3.78,2.4967
2026-05-03,152630613,황금거위(AOS),,AIeWRQ2R5CbBNyO,황금거위_보너스캐시_RV_Android,RV,18,Pangle,4,2749,624,300,44,0.210000,10.91,14.67,0.7000
2026-05-03,152630613,황금거위(AOS),,AIeWRQ2R5CbBNyO,황금거위_보너스캐시_RV_Android,RV,14,Vungle,4,0,0,13,5,0.026124,0.00,38.46,2.0095
2026-05-03,880605234,황금거위(iOS),,efq4IKkCEZ9y55e,황금거위_보너스캐시_RV_iOS,RV,0,Adpopcorn SSP,1,182,28,7,2,0.073103,3.85,28.57,10.4433
2026-05-03,880605234,황금거위(iOS),,efq4IKkCEZ9y55e,황금거위_보너스캐시_RV_iOS,RV,16,Fyber,4,1,0,0,0,0.000000,0.00,0.00,0.0000
2026-05-03,880605234,황금거위(iOS),,efq4IKkCEZ9y55e,황금거위_보너스캐시_RV_iOS,RV,34,ID 34,4,127,127,66,1,0.319610,51.97,1.52,4.8426
2026-05-03,880605234,황금거위(iOS),,efq4IKkCEZ9y55e,황금거위_보너스캐시_RV_iOS,RV,18,Pangle,4,179,43,20,3,0.060000,11.17,15.00,3.0000
2026-05-03,152630613,황금거위(AOS),,nrbMhFxX4AEcFxq,황금거위_출석체크_RV_Android,RV,0,Adpopcorn SSP,1,641,169,71,23,0.478442,11.08,32.39,6.7386
2026-05-03,152630613,황금거위(AOS),,nrbMhFxX4AEcFxq,황금거위_출석체크_RV_Android,RV,21,AppLovin WF,4,0,0,5,2,0.010000,0.00,40.00,2.0000
2026-05-03,152630613,황금거위(AOS),,nrbMhFxX4AEcFxq,황금거위_출석체크_RV_Android,RV,16,Fyber,4,1521,0,16,7,0.071000,1.05,43.75,4.4375
2026-05-03,152630613,황금거위(AOS),,nrbMhFxX4AEcFxq,황금거위_출석체크_RV_Android,RV,34,ID 34,4,357,189,100,7,0.233627,28.01,7.00,2.3363
2026-05-03,152630613,황금거위(AOS),,nrbMhFxX4AEcFxq,황금거위_출석체크_RV_Android,RV,18,Pangle,4,923,227,99,14,0.070000,10.73,14.14,0.7071
2026-05-03,152630613,황금거위(AOS),,nrbMhFxX4AEcFxq,황금거위_출석체크_RV_Android,RV,14,Vungle,4,0,0,1,0,0.001000,0.00,0.00,1.0000
2026-05-03,880605234,황금거위(iOS),,pri9mYRn7kAgmbp,황금거위_출석체크_RV_iOS,RV,0,Adpopcorn SSP,1,72,14,2,0,0.007220,2.78,0.00,3.6100
2026-05-03,880605234,황금거위(iOS),,pri9mYRn7kAgmbp,황금거위_출석체크_RV_iOS,RV,21,AppLovin WF,4,0,0,1,1,0.000000,0.00,100.00,0.0000
2026-05-03,880605234,황금거위(iOS),,pri9mYRn7kAgmbp,황금거위_출석체크_RV_iOS,RV,16,Fyber,4,2,0,0,0,0.000000,0.00,0.00,0.0000
2026-05-03,880605234,황금거위(iOS),,pri9mYRn7kAgmbp,황금거위_출석체크_RV_iOS,RV,34,ID 34,4,45,45,21,1,0.139455,46.67,4.76,6.6407
2026-05-03,880605234,황금거위(iOS),,pri9mYRn7kAgmbp,황금거위_출석체크_RV_iOS,RV,18,Pangle,4,76,24,10,1,0.030000,13.16,10.00,3.0000
2026-05-03,880605234,황금거위(iOS),,RQeUixRooxXfCLZ,황금거위_황금알_RV_iOS,RV,0,Adpopcorn SSP,1,1,1,0,0,0.000000,0.00,0.00,0.0000
2026-05-03,880605234,황금거위(iOS),,RQeUixRooxXfCLZ,황금거위_황금알_RV_iOS,RV,18,Pangle,4,1,1,0,0,0.000000,0.00,0.00,0.0000
2026-05-03,152630613,황금거위(AOS),,TKeAFuGGcj4nJkY,BANNER_320x50_ADNROID,배너,0,Adpopcorn SSP,1,5607,2822,2799,1,0.094877,49.92,0.04,0.0339
2026-05-03,880605234,황금거위(iOS),,K7ycD8gltcncKGp,BANNER_320x50_iOS,배너,0,Adpopcorn SSP,1,495,248,248,0,0.027632,50.10,0.00,0.1114
2026-05-03,152630613,황금거위(AOS),,4zLAQUTzDGMz2Oi,황금거위_황금알_IV_Android,전면,0,Adpopcorn SSP,1,12837,2321,1532,348,6.049901,11.93,22.72,3.9490
2026-05-03,152630613,황금거위(AOS),,4zLAQUTzDGMz2Oi,황금거위_황금알_IV_Android,전면,21,AppLovin WF,4,0,0,95,50,0.100000,0.00,52.63,1.0526
2026-05-03,152630613,황금거위(AOS),,4zLAQUTzDGMz2Oi,황금거위_황금알_IV_Android,전면,16,Fyber,4,31439,0,596,263,2.202000,1.90,44.13,3.6946
2026-05-03,152630613,황금거위(AOS),,4zLAQUTzDGMz2Oi,황금거위_황금알_IV_Android,전면,34,ID 34,4,10455,2758,2107,127,4.270639,20.15,6.03,2.0269
2026-05-03,152630613,황금거위(AOS),,4zLAQUTzDGMz2Oi,황금거위_황금알_IV_Android,전면,18,Pangle,4,24004,3359,2690,487,1.360000,11.21,18.10,0.5056
2026-05-03,152630613,황금거위(AOS),,4zLAQUTzDGMz2Oi,황금거위_황금알_IV_Android,전면,14,Vungle,4,0,0,131,52,0.155731,0.00,39.69,1.1888
2026-05-03,880605234,황금거위(iOS),,BppkJs2NQiqilXy,황금거위_황금알_IV_iOS,전면,0,Adpopcorn SSP,1,1109,208,55,9,0.474737,4.96,16.36,8.6316
2026-05-03,880605234,황금거위(iOS),,BppkJs2NQiqilXy,황금거위_황금알_IV_iOS,전면,16,Fyber,4,1114,0,44,39,0.208000,3.95,88.64,4.7273
2026-05-03,880605234,황금거위(iOS),,BppkJs2NQiqilXy,황금거위_황금알_IV_iOS,전면,34,ID 34,4,723,723,531,45,0.870617,73.44,8.47,1.6396
2026-05-03,880605234,황금거위(iOS),,BppkJs2NQiqilXy,황금거위_황금알_IV_iOS,전면,18,Pangle,4,915,175,106,24,0.320000,11.58,22.64,3.0189
2026-05-04,152630613,황금거위(AOS),,cTbhY0TbWBWJhio,MAX_황금거위_미니게임1_RV_Android,RV,23,AppLovin Bidding,4,0,0,3,0,0.001148,0.00,0.00,0.3827
2026-05-04,152630613,황금거위(AOS),,oH0uEdYZw8uMahW,MAX_황금거위_보너스캐시_RV_Android,RV,23,AppLovin Bidding,4,0,0,1,0,0.000023,0.00,0.00,0.0230
2026-05-04,152630613,황금거위(AOS),,UMQG3ThfjgYizHB,MAX_황금거위_출석체크_RV_Android,RV,23,AppLovin Bidding,4,0,0,1,0,0.000141,0.00,0.00,0.1410
2026-05-04,152630613,황금거위(AOS),,TcKzRUNsjYIQFJs,황금거위_미니게임1_RV_Android,RV,0,Adpopcorn SSP,1,1490,412,271,91,1.382992,18.19,33.58,5.1033
2026-05-04,152630613,황금거위(AOS),,TcKzRUNsjYIQFJs,황금거위_미니게임1_RV_Android,RV,21,AppLovin WF,4,0,0,3,1,0.000000,0.00,33.33,0.0000
2026-05-04,152630613,황금거위(AOS),,TcKzRUNsjYIQFJs,황금거위_미니게임1_RV_Android,RV,16,Fyber,4,3628,0,31,9,0.206000,0.85,29.03,6.6452
2026-05-04,152630613,황금거위(AOS),,TcKzRUNsjYIQFJs,황금거위_미니게임1_RV_Android,RV,34,ID 34,4,961,505,375,22,0.817943,39.02,5.87,2.1812
2026-05-04,152630613,황금거위(AOS),,TcKzRUNsjYIQFJs,황금거위_미니게임1_RV_Android,RV,18,Pangle,4,2084,413,274,44,0.170000,13.15,16.06,0.6204
2026-05-04,152630613,황금거위(AOS),,TcKzRUNsjYIQFJs,황금거위_미니게임1_RV_Android,RV,14,Vungle,4,0,0,18,5,0.031413,0.00,27.78,1.7452
2026-05-04,880605234,황금거위(iOS),,dwOiJPQUsoXKdMT,황금거위_미니게임1_RV_iOS,RV,0,Adpopcorn SSP,1,98,5,1,0,0.018282,1.02,0.00,18.2820
2026-05-04,880605234,황금거위(iOS),,dwOiJPQUsoXKdMT,황금거위_미니게임1_RV_iOS,RV,34,ID 34,4,77,77,57,4,0.171374,74.03,7.02,3.0066
2026-05-04,880605234,황금거위(iOS),,dwOiJPQUsoXKdMT,황금거위_미니게임1_RV_iOS,RV,18,Pangle,4,102,15,8,0,0.020000,7.84,0.00,2.5000
2026-05-04,152630613,황금거위(AOS),,DECp68UA1uOBhfu,황금거위_미니게임2_RV_Android,RV,0,Adpopcorn SSP,1,1120,377,268,62,0.860292,23.93,23.13,3.2100
2026-05-04,152630613,황금거위(AOS),,DECp68UA1uOBhfu,황금거위_미니게임2_RV_Android,RV,21,AppLovin WF,4,0,0,2,0,0.000000,0.00,0.00,0.0000
2026-05-04,152630613,황금거위(AOS),,DECp68UA1uOBhfu,황금거위_미니게임2_RV_Android,RV,16,Fyber,4,2730,0,11,4,0.043000,0.40,36.36,3.9091
2026-05-04,152630613,황금거위(AOS),,DECp68UA1uOBhfu,황금거위_미니게임2_RV_Android,RV,34,ID 34,4,678,342,252,13,0.562954,37.17,5.16,2.2339
2026-05-04,152630613,황금거위(AOS),,DECp68UA1uOBhfu,황금거위_미니게임2_RV_Android,RV,18,Pangle,4,1483,313,214,48,0.090000,14.43,22.43,0.4206
2026-05-04,152630613,황금거위(AOS),,DECp68UA1uOBhfu,황금거위_미니게임2_RV_Android,RV,14,Vungle,4,0,0,12,1,0.011422,0.00,8.33,0.9518
2026-05-04,880605234,황금거위(iOS),,889ZlHXzRQjWWmw,황금거위_미니게임2_RV_iOS,RV,0,Adpopcorn SSP,1,83,4,1,0,0.002979,1.20,0.00,2.9790
2026-05-04,880605234,황금거위(iOS),,889ZlHXzRQjWWmw,황금거위_미니게임2_RV_iOS,RV,16,Fyber,4,92,0,5,2,0.020000,5.43,40.00,4.0000
2026-05-04,880605234,황금거위(iOS),,889ZlHXzRQjWWmw,황금거위_미니게임2_RV_iOS,RV,34,ID 34,4,69,69,49,3,0.115226,71.01,6.12,2.3516
2026-05-04,880605234,황금거위(iOS),,889ZlHXzRQjWWmw,황금거위_미니게임2_RV_iOS,RV,18,Pangle,4,81,5,4,0,0.010000,4.94,0.00,2.5000
2026-05-04,152630613,황금거위(AOS),,AIeWRQ2R5CbBNyO,황금거위_보너스캐시_RV_Android,RV,0,Adpopcorn SSP,1,2048,536,262,78,1.506828,12.79,29.77,5.7513
2026-05-04,152630613,황금거위(AOS),,AIeWRQ2R5CbBNyO,황금거위_보너스캐시_RV_Android,RV,21,AppLovin WF,4,0,0,8,3,0.010000,0.00,37.50,1.2500
2026-05-04,152630613,황금거위(AOS),,AIeWRQ2R5CbBNyO,황금거위_보너스캐시_RV_Android,RV,16,Fyber,4,4690,0,22,6,0.090000,0.47,27.27,4.0909
2026-05-04,152630613,황금거위(AOS),,AIeWRQ2R5CbBNyO,황금거위_보너스캐시_RV_Android,RV,34,ID 34,4,1380,792,430,28,1.081798,31.16,6.51,2.5158
2026-05-04,152630613,황금거위(AOS),,AIeWRQ2R5CbBNyO,황금거위_보너스캐시_RV_Android,RV,18,Pangle,4,2582,533,252,48,0.170000,9.76,19.05,0.6746
2026-05-04,152630613,황금거위(AOS),,AIeWRQ2R5CbBNyO,황금거위_보너스캐시_RV_Android,RV,14,Vungle,4,0,0,17,8,0.031853,0.00,47.06,1.8737
2026-05-04,880605234,황금거위(iOS),,efq4IKkCEZ9y55e,황금거위_보너스캐시_RV_iOS,RV,0,Adpopcorn SSP,1,180,15,5,1,0.037215,2.78,20.00,7.4430
2026-05-04,880605234,황금거위(iOS),,efq4IKkCEZ9y55e,황금거위_보너스캐시_RV_iOS,RV,34,ID 34,4,140,140,74,2,0.284050,52.86,2.70,3.8385
2026-05-04,880605234,황금거위(iOS),,efq4IKkCEZ9y55e,황금거위_보너스캐시_RV_iOS,RV,18,Pangle,4,178,24,15,2,0.040000,8.43,13.33,2.6667
2026-05-04,152630613,황금거위(AOS),,nrbMhFxX4AEcFxq,황금거위_출석체크_RV_Android,RV,0,Adpopcorn SSP,1,776,186,82,29,0.588630,10.57,35.37,7.1784
2026-05-04,152630613,황금거위(AOS),,nrbMhFxX4AEcFxq,황금거위_출석체크_RV_Android,RV,21,AppLovin WF,4,0,0,3,3,0.000000,0.00,100.00,0.0000
2026-05-04,152630613,황금거위(AOS),,nrbMhFxX4AEcFxq,황금거위_출석체크_RV_Android,RV,16,Fyber,4,1873,0,22,8,0.074000,1.17,36.36,3.3636
2026-05-04,152630613,황금거위(AOS),,nrbMhFxX4AEcFxq,황금거위_출석체크_RV_Android,RV,34,ID 34,4,584,260,132,12,0.250302,22.60,9.09,1.8962
2026-05-04,152630613,황금거위(AOS),,nrbMhFxX4AEcFxq,황금거위_출석체크_RV_Android,RV,18,Pangle,4,1155,258,114,21,0.070000,9.87,18.42,0.6140
2026-05-04,152630613,황금거위(AOS),,nrbMhFxX4AEcFxq,황금거위_출석체크_RV_Android,RV,14,Vungle,4,0,0,4,2,0.002659,0.00,50.00,0.6647
2026-05-04,880605234,황금거위(iOS),,pri9mYRn7kAgmbp,황금거위_출석체크_RV_iOS,RV,0,Adpopcorn SSP,1,63,8,0,0,0.000000,0.00,0.00,0.0000
2026-05-04,880605234,황금거위(iOS),,pri9mYRn7kAgmbp,황금거위_출석체크_RV_iOS,RV,34,ID 34,4,50,50,26,0,0.133333,52.00,0.00,5.1282
2026-05-04,880605234,황금거위(iOS),,pri9mYRn7kAgmbp,황금거위_출석체크_RV_iOS,RV,18,Pangle,4,59,10,4,2,0.010000,6.78,50.00,2.5000
2026-05-04,152630613,황금거위(AOS),,XvgdJsTGilO5s0n,황금거위_황금알_RV_Android,RV,18,Pangle,4,1,0,0,0,0.000000,0.00,0.00,0.0000
2026-05-04,152630613,황금거위(AOS),,TKeAFuGGcj4nJkY,BANNER_320x50_ADNROID,배너,0,Adpopcorn SSP,1,5414,2998,2982,1,0.102140,55.08,0.03,0.0343
2026-05-04,880605234,황금거위(iOS),,K7ycD8gltcncKGp,BANNER_320x50_iOS,배너,0,Adpopcorn SSP,1,460,307,305,0,0.030086,66.30,0.00,0.0986
2026-05-04,152630613,황금거위(AOS),,C3mnch5tzeN2ekh,MAX_황금거위_BANNER_320x50_Android,배너,23,AppLovin Bidding,4,0,0,3,0,0.000014,0.00,0.00,0.0047
2026-05-04,152630613,황금거위(AOS),,3xIqvUw5WOsbcjB,MAX_황금거위_황금알_IV_Android,전면,23,AppLovin Bidding,4,0,0,12,0,0.002951,0.00,0.00,0.2459
2026-05-04,152630613,황금거위(AOS),,4zLAQUTzDGMz2Oi,황금거위_황금알_IV_Android,전면,0,Adpopcorn SSP,1,11874,2189,1421,343,5.879574,11.97,24.14,4.1376
2026-05-04,152630613,황금거위(AOS),,4zLAQUTzDGMz2Oi,황금거위_황금알_IV_Android,전면,21,AppLovin WF,4,0,0,85,53,0.090000,0.00,62.35,1.0588
2026-05-04,152630613,황금거위(AOS),,4zLAQUTzDGMz2Oi,황금거위_황금알_IV_Android,전면,16,Fyber,4,30229,0,512,225,1.743000,1.69,43.95,3.4043
2026-05-04,152630613,황금거위(AOS),,4zLAQUTzDGMz2Oi,황금거위_황금알_IV_Android,전면,34,ID 34,4,8854,2933,2267,104,4.092453,25.60,4.59,1.8052
2026-05-04,152630613,황금거위(AOS),,4zLAQUTzDGMz2Oi,황금거위_황금알_IV_Android,전면,18,Pangle,4,20728,3131,2473,411,1.260000,11.93,16.62,0.5095
2026-05-04,152630613,황금거위(AOS),,4zLAQUTzDGMz2Oi,황금거위_황금알_IV_Android,전면,14,Vungle,4,0,0,156,59,0.173087,0.00,37.82,1.1095
2026-05-04,880605234,황금거위(iOS),,BppkJs2NQiqilXy,황금거위_황금알_IV_iOS,전면,0,Adpopcorn SSP,1,1118,180,31,8,0.235936,2.77,25.81,7.6108
2026-05-04,880605234,황금거위(iOS),,BppkJs2NQiqilXy,황금거위_황금알_IV_iOS,전면,16,Fyber,4,1160,0,46,40,0.230000,3.97,86.96,5.0000
2026-05-04,880605234,황금거위(iOS),,BppkJs2NQiqilXy,황금거위_황금알_IV_iOS,전면,34,ID 34,4,805,805,601,52,1.227939,74.66,8.65,2.0432
2026-05-04,880605234,황금거위(iOS),,BppkJs2NQiqilXy,황금거위_황금알_IV_iOS,전면,18,Pangle,4,997,137,69,13,0.200000,6.92,18.84,2.8986
2026-05-05,152630613,황금거위(AOS),,cTbhY0TbWBWJhio,MAX_황금거위_미니게임1_RV_Android,RV,0,Adpopcorn SSP,1,4,0,0,0,0.000000,0.00,0.00,0.0000
2026-05-05,880605234,황금거위(iOS),,s8ClX6oeda97PEK,MAX_황금거위_미니게임1_RV_iOS,RV,0,Adpopcorn SSP,1,1,0,0,0,0.000000,0.00,0.00,0.0000
2026-05-05,152630613,황금거위(AOS),,oH0uEdYZw8uMahW,MAX_황금거위_보너스캐시_RV_Android,RV,0,Adpopcorn SSP,1,2,0,0,0,0.000000,0.00,0.00,0.0000
2026-05-05,152630613,황금거위(AOS),,UMQG3ThfjgYizHB,MAX_황금거위_출석체크_RV_Android,RV,0,Adpopcorn SSP,1,2,0,0,0,0.000000,0.00,0.00,0.0000
2026-05-05,152630613,황금거위(AOS),,TcKzRUNsjYIQFJs,황금거위_미니게임1_RV_Android,RV,0,Adpopcorn SSP,1,1530,412,271,78,1.437275,17.71,28.78,5.3036
2026-05-05,152630613,황금거위(AOS),,TcKzRUNsjYIQFJs,황금거위_미니게임1_RV_Android,RV,21,AppLovin WF,4,0,0,2,0,0.000000,0.00,0.00,0.0000
2026-05-05,152630613,황금거위(AOS),,TcKzRUNsjYIQFJs,황금거위_미니게임1_RV_Android,RV,16,Fyber,4,3374,0,13,3,0.108000,0.39,23.08,8.3077
2026-05-05,152630613,황금거위(AOS),,TcKzRUNsjYIQFJs,황금거위_미니게임1_RV_Android,RV,34,ID 34,4,1112,559,406,29,0.957055,36.51,7.14,2.3573
2026-05-05,152630613,황금거위(AOS),,TcKzRUNsjYIQFJs,황금거위_미니게임1_RV_Android,RV,18,Pangle,4,2164,474,312,63,0.190000,14.42,20.19,0.6090
2026-05-05,152630613,황금거위(AOS),,TcKzRUNsjYIQFJs,황금거위_미니게임1_RV_Android,RV,14,Vungle,4,0,0,11,3,0.016295,0.00,27.27,1.4814
2026-05-05,880605234,황금거위(iOS),,dwOiJPQUsoXKdMT,황금거위_미니게임1_RV_iOS,RV,0,Adpopcorn SSP,1,138,40,14,5,0.336217,10.14,35.71,24.0155
2026-05-05,880605234,황금거위(iOS),,dwOiJPQUsoXKdMT,황금거위_미니게임1_RV_iOS,RV,16,Fyber,4,2,0,1,1,0.001000,50.00,100.00,1.0000
2026-05-05,880605234,황금거위(iOS),,dwOiJPQUsoXKdMT,황금거위_미니게임1_RV_iOS,RV,34,ID 34,4,85,85,61,4,0.164175,71.76,6.56,2.6914
2026-05-05,880605234,황금거위(iOS),,dwOiJPQUsoXKdMT,황금거위_미니게임1_RV_iOS,RV,18,Pangle,4,127,35,19,3,0.050000,14.96,15.79,2.6316
2026-05-05,152630613,황금거위(AOS),,DECp68UA1uOBhfu,황금거위_미니게임2_RV_Android,RV,0,Adpopcorn SSP,1,1115,382,266,55,1.414469,23.86,20.68,5.3176
2026-05-05,152630613,황금거위(AOS),,DECp68UA1uOBhfu,황금거위_미니게임2_RV_Android,RV,21,AppLovin WF,4,0,0,3,0,0.000000,0.00,0.00,0.0000
2026-05-05,152630613,황금거위(AOS),,DECp68UA1uOBhfu,황금거위_미니게임2_RV_Android,RV,16,Fyber,4,2483,0,6,2,0.037000,0.24,33.33,6.1667
2026-05-05,152630613,황금거위(AOS),,DECp68UA1uOBhfu,황금거위_미니게임2_RV_Android,RV,34,ID 34,4,668,389,299,27,0.586722,44.76,9.03,1.9623
2026-05-05,152630613,황금거위(AOS),,DECp68UA1uOBhfu,황금거위_미니게임2_RV_Android,RV,18,Pangle,4,1428,335,218,53,0.090000,15.27,24.31,0.4128
2026-05-05,152630613,황금거위(AOS),,DECp68UA1uOBhfu,황금거위_미니게임2_RV_Android,RV,14,Vungle,4,0,0,2,0,0.001436,0.00,0.00,0.7180
2026-05-05,880605234,황금거위(iOS),,889ZlHXzRQjWWmw,황금거위_미니게임2_RV_iOS,RV,0,Adpopcorn SSP,1,93,17,3,1,0.009928,3.23,33.33,3.3093
2026-05-05,880605234,황금거위(iOS),,889ZlHXzRQjWWmw,황금거위_미니게임2_RV_iOS,RV,16,Fyber,4,93,0,10,6,0.040000,10.75,60.00,4.0000
2026-05-05,880605234,황금거위(iOS),,889ZlHXzRQjWWmw,황금거위_미니게임2_RV_iOS,RV,34,ID 34,4,61,61,43,5,0.140856,70.49,11.63,3.2757
2026-05-05,880605234,황금거위(iOS),,889ZlHXzRQjWWmw,황금거위_미니게임2_RV_iOS,RV,18,Pangle,4,82,13,7,3,0.020000,8.54,42.86,2.8571
2026-05-05,152630613,황금거위(AOS),,AIeWRQ2R5CbBNyO,황금거위_보너스캐시_RV_Android,RV,0,Adpopcorn SSP,1,1992,453,229,66,1.176705,11.50,28.82,5.1384
2026-05-05,152630613,황금거위(AOS),,AIeWRQ2R5CbBNyO,황금거위_보너스캐시_RV_Android,RV,21,AppLovin WF,4,0,0,4,1,0.000000,0.00,25.00,0.0000
2026-05-05,152630613,황금거위(AOS),,AIeWRQ2R5CbBNyO,황금거위_보너스캐시_RV_Android,RV,16,Fyber,4,4523,0,16,3,0.034000,0.35,18.75,2.1250
2026-05-05,152630613,황금거위(AOS),,AIeWRQ2R5CbBNyO,황금거위_보너스캐시_RV_Android,RV,34,ID 34,4,1459,805,438,17,1.199925,30.02,3.88,2.7396
2026-05-05,152630613,황금거위(AOS),,AIeWRQ2R5CbBNyO,황금거위_보너스캐시_RV_Android,RV,18,Pangle,4,2581,573,270,40,0.210000,10.46,14.81,0.7778
2026-05-05,152630613,황금거위(AOS),,AIeWRQ2R5CbBNyO,황금거위_보너스캐시_RV_Android,RV,14,Vungle,4,0,0,6,3,0.014000,0.00,50.00,2.3333
2026-05-05,880605234,황금거위(iOS),,efq4IKkCEZ9y55e,황금거위_보너스캐시_RV_iOS,RV,0,Adpopcorn SSP,1,195,19,5,1,0.023293,2.56,20.00,4.6586
2026-05-05,880605234,황금거위(iOS),,efq4IKkCEZ9y55e,황금거위_보너스캐시_RV_iOS,RV,16,Fyber,4,1,0,0,0,0.000000,0.00,0.00,0.0000
2026-05-05,880605234,황금거위(iOS),,efq4IKkCEZ9y55e,황금거위_보너스캐시_RV_iOS,RV,34,ID 34,4,143,143,74,2,0.346906,51.75,2.70,4.6879
2026-05-05,880605234,황금거위(iOS),,efq4IKkCEZ9y55e,황금거위_보너스캐시_RV_iOS,RV,18,Pangle,4,194,40,22,4,0.070000,11.34,18.18,3.1818
2026-05-05,152630613,황금거위(AOS),,nrbMhFxX4AEcFxq,황금거위_출석체크_RV_Android,RV,0,Adpopcorn SSP,1,598,137,57,13,0.268349,9.53,22.81,4.7079
2026-05-05,152630613,황금거위(AOS),,nrbMhFxX4AEcFxq,황금거위_출석체크_RV_Android,RV,16,Fyber,4,1286,0,7,2,0.023000,0.54,28.57,3.2857
2026-05-05,152630613,황금거위(AOS),,nrbMhFxX4AEcFxq,황금거위_출석체크_RV_Android,RV,34,ID 34,4,404,212,111,8,0.208868,27.48,7.21,1.8817
2026-05-05,152630613,황금거위(AOS),,nrbMhFxX4AEcFxq,황금거위_출석체크_RV_Android,RV,18,Pangle,4,868,226,101,19,0.070000,11.64,18.81,0.6931
2026-05-05,152630613,황금거위(AOS),,nrbMhFxX4AEcFxq,황금거위_출석체크_RV_Android,RV,14,Vungle,4,0,0,3,1,0.006221,0.00,33.33,2.0737
2026-05-05,880605234,황금거위(iOS),,pri9mYRn7kAgmbp,황금거위_출석체크_RV_iOS,RV,0,Adpopcorn SSP,1,89,14,3,1,0.015290,3.37,33.33,5.0967
2026-05-05,880605234,황금거위(iOS),,pri9mYRn7kAgmbp,황금거위_출석체크_RV_iOS,RV,16,Fyber,4,1,0,1,1,0.001000,100.00,100.00,1.0000
2026-05-05,880605234,황금거위(iOS),,pri9mYRn7kAgmbp,황금거위_출석체크_RV_iOS,RV,34,ID 34,4,68,68,33,0,0.151895,48.53,0.00,4.6029
2026-05-05,880605234,황금거위(iOS),,pri9mYRn7kAgmbp,황금거위_출석체크_RV_iOS,RV,18,Pangle,4,83,13,6,1,0.020000,7.23,16.67,3.3333
2026-05-05,152630613,황금거위(AOS),,XvgdJsTGilO5s0n,황금거위_황금알_RV_Android,RV,0,Adpopcorn SSP,1,8,1,1,0,0.001809,12.50,0.00,1.8090
2026-05-05,152630613,황금거위(AOS),,XvgdJsTGilO5s0n,황금거위_황금알_RV_Android,RV,16,Fyber,4,1,0,0,0,0.000000,0.00,0.00,0.0000
2026-05-05,152630613,황금거위(AOS),,XvgdJsTGilO5s0n,황금거위_황금알_RV_Android,RV,34,ID 34,4,6,6,4,1,0.002887,66.67,25.00,0.7218
2026-05-05,152630613,황금거위(AOS),,XvgdJsTGilO5s0n,황금거위_황금알_RV_Android,RV,18,Pangle,4,9,3,1,0,0.000000,11.11,0.00,0.0000
2026-05-05,152630613,황금거위(AOS),,TKeAFuGGcj4nJkY,BANNER_320x50_ADNROID,배너,0,Adpopcorn SSP,1,5733,3363,3326,1,0.109869,58.02,0.03,0.0330
2026-05-05,880605234,황금거위(iOS),,K7ycD8gltcncKGp,BANNER_320x50_iOS,배너,0,Adpopcorn SSP,1,507,303,302,0,0.038850,59.57,0.00,0.1286
2026-05-05,152630613,황금거위(AOS),,C3mnch5tzeN2ekh,MAX_황금거위_BANNER_320x50_Android,배너,0,Adpopcorn SSP,1,9,0,0,0,0.000000,0.00,0.00,0.0000
2026-05-05,152630613,황금거위(AOS),,C3mnch5tzeN2ekh,MAX_황금거위_BANNER_320x50_Android,배너,23,AppLovin Bidding,4,0,0,2,0,0.000008,0.00,0.00,0.0040
2026-05-05,880605234,황금거위(iOS),,vwkQHnVjazlBLGT,MAX_황금거위_BANNER_320x50_iOS,배너,0,Adpopcorn SSP,1,1,0,0,0,0.000000,0.00,0.00,0.0000
2026-05-05,152630613,황금거위(AOS),,3xIqvUw5WOsbcjB,MAX_황금거위_황금알_IV_Android,전면,0,Adpopcorn SSP,1,21,0,0,0,0.000000,0.00,0.00,0.0000
2026-05-05,152630613,황금거위(AOS),,3xIqvUw5WOsbcjB,MAX_황금거위_황금알_IV_Android,전면,23,AppLovin Bidding,4,0,0,6,0,0.001307,0.00,0.00,0.2178
2026-05-05,880605234,황금거위(iOS),,Fx2IKZezhiusQf5,MAX_황금거위_황금알_IV_iOS,전면,0,Adpopcorn SSP,1,6,0,0,0,0.000000,0.00,0.00,0.0000
2026-05-05,152630613,황금거위(AOS),,9de98q5xv1xUaVJ,황금거위_보너스캐시_IV_Android,전면,0,Adpopcorn SSP,1,1,0,0,0,0.000000,0.00,0.00,0.0000
2026-05-05,152630613,황금거위(AOS),,9de98q5xv1xUaVJ,황금거위_보너스캐시_IV_Android,전면,34,ID 34,4,1,1,0,0,0.000000,0.00,0.00,0.0000
2026-05-05,152630613,황금거위(AOS),,4zLAQUTzDGMz2Oi,황금거위_황금알_IV_Android,전면,0,Adpopcorn SSP,1,12595,1814,1225,284,4.883078,9.73,23.18,3.9862
2026-05-05,152630613,황금거위(AOS),,4zLAQUTzDGMz2Oi,황금거위_황금알_IV_Android,전면,21,AppLovin WF,4,0,0,42,24,0.040000,0.00,57.14,0.9524
2026-05-05,152630613,황금거위(AOS),,4zLAQUTzDGMz2Oi,황금거위_황금알_IV_Android,전면,16,Fyber,4,29965,0,413,191,1.362000,1.38,46.25,3.2978
2026-05-05,152630613,황금거위(AOS),,4zLAQUTzDGMz2Oi,황금거위_황금알_IV_Android,전면,34,ID 34,4,10617,2918,2292,94,4.693736,21.59,4.10,2.0479
2026-05-05,152630613,황금거위(AOS),,4zLAQUTzDGMz2Oi,황금거위_황금알_IV_Android,전면,18,Pangle,4,24286,3475,2747,496,1.380000,11.31,18.06,0.5024
2026-05-05,152630613,황금거위(AOS),,4zLAQUTzDGMz2Oi,황금거위_황금알_IV_Android,전면,14,Vungle,4,0,0,117,41,0.129925,0.00,35.04,1.1105
2026-05-05,880605234,황금거위(iOS),,BppkJs2NQiqilXy,황금거위_황금알_IV_iOS,전면,0,Adpopcorn SSP,1,1208,194,39,7,0.488444,3.23,17.95,12.5242
2026-05-05,880605234,황금거위(iOS),,BppkJs2NQiqilXy,황금거위_황금알_IV_iOS,전면,16,Fyber,4,1168,0,32,25,0.160000,2.74,78.12,5.0000
2026-05-05,880605234,황금거위(iOS),,BppkJs2NQiqilXy,황금거위_황금알_IV_iOS,전면,34,ID 34,4,881,881,662,48,1.358521,75.14,7.25,2.0521
2026-05-05,880605234,황금거위(iOS),,BppkJs2NQiqilXy,황금거위_황금알_IV_iOS,전면,18,Pangle,4,1024,151,87,17,0.250000,8.50,19.54,2.8736
2026-05-06,152630613,황금거위(AOS),,cTbhY0TbWBWJhio,MAX_황금거위_미니게임1_RV_Android,RV,0,Adpopcorn SSP,1,21,0,0,0,0.000000,0.00,0.00,0.0000
2026-05-06,152630613,황금거위(AOS),,cTbhY0TbWBWJhio,MAX_황금거위_미니게임1_RV_Android,RV,23,AppLovin Bidding,4,0,0,11,0,0.012767,0.00,0.00,1.1606
2026-05-06,880605234,황금거위(iOS),,s8ClX6oeda97PEK,MAX_황금거위_미니게임1_RV_iOS,RV,0,Adpopcorn SSP,1,4,0,0,0,0.000000,0.00,0.00,0.0000
2026-05-06,880605234,황금거위(iOS),,s8ClX6oeda97PEK,MAX_황금거위_미니게임1_RV_iOS,RV,23,AppLovin Bidding,4,0,0,3,0,0.005051,0.00,0.00,1.6837
2026-05-06,152630613,황금거위(AOS),,8KcXMLumUGBxt0R,MAX_황금거위_미니게임2_RV_Android,RV,0,Adpopcorn SSP,1,13,0,0,0,0.000000,0.00,0.00,0.0000
2026-05-06,152630613,황금거위(AOS),,8KcXMLumUGBxt0R,MAX_황금거위_미니게임2_RV_Android,RV,23,AppLovin Bidding,4,0,0,7,0,0.017021,0.00,0.00,2.4316
2026-05-06,880605234,황금거위(iOS),,QSxAQyfPWHuV6ZT,MAX_황금거위_미니게임2_RV_iOS,RV,0,Adpopcorn SSP,1,4,0,0,0,0.000000,0.00,0.00,0.0000
2026-05-06,880605234,황금거위(iOS),,QSxAQyfPWHuV6ZT,MAX_황금거위_미니게임2_RV_iOS,RV,23,AppLovin Bidding,4,0,0,3,0,0.001568,0.00,0.00,0.5227
2026-05-06,152630613,황금거위(AOS),,oH0uEdYZw8uMahW,MAX_황금거위_보너스캐시_RV_Android,RV,0,Adpopcorn SSP,1,6,0,0,0,0.000000,0.00,0.00,0.0000
2026-05-06,152630613,황금거위(AOS),,oH0uEdYZw8uMahW,MAX_황금거위_보너스캐시_RV_Android,RV,23,AppLovin Bidding,4,0,0,3,0,0.003513,0.00,0.00,1.1710
2026-05-06,152630613,황금거위(AOS),,TcKzRUNsjYIQFJs,황금거위_미니게임1_RV_Android,RV,0,Adpopcorn SSP,1,1373,439,301,74,1.306552,21.92,24.58,4.3407
2026-05-06,152630613,황금거위(AOS),,TcKzRUNsjYIQFJs,황금거위_미니게임1_RV_Android,RV,21,AppLovin WF,4,0,0,3,1,0.000000,0.00,33.33,0.0000
2026-05-06,152630613,황금거위(AOS),,TcKzRUNsjYIQFJs,황금거위_미니게임1_RV_Android,RV,16,Fyber,4,3092,0,9,5,0.082000,0.29,55.56,9.1111
2026-05-06,152630613,황금거위(AOS),,TcKzRUNsjYIQFJs,황금거위_미니게임1_RV_Android,RV,34,ID 34,4,900,539,389,23,0.798072,43.22,5.91,2.0516
2026-05-06,152630613,황금거위(AOS),,TcKzRUNsjYIQFJs,황금거위_미니게임1_RV_Android,RV,18,Pangle,4,1503,318,197,36,0.170000,13.11,18.27,0.8629
2026-05-06,152630613,황금거위(AOS),,TcKzRUNsjYIQFJs,황금거위_미니게임1_RV_Android,RV,14,Vungle,4,0,0,6,3,0.015661,0.00,50.00,2.6102
2026-05-06,880605234,황금거위(iOS),,dwOiJPQUsoXKdMT,황금거위_미니게임1_RV_iOS,RV,0,Adpopcorn SSP,1,146,29,9,3,0.102534,6.16,33.33,11.3927
2026-05-06,880605234,황금거위(iOS),,dwOiJPQUsoXKdMT,황금거위_미니게임1_RV_iOS,RV,34,ID 34,4,98,98,74,1,0.564462,75.51,1.35,7.6279
2026-05-06,880605234,황금거위(iOS),,dwOiJPQUsoXKdMT,황금거위_미니게임1_RV_iOS,RV,18,Pangle,4,142,35,19,7,0.060000,13.38,36.84,3.1579
2026-05-06,152630613,황금거위(AOS),,DECp68UA1uOBhfu,황금거위_미니게임2_RV_Android,RV,0,Adpopcorn SSP,1,1017,380,273,68,0.967570,26.84,24.91,3.5442
2026-05-06,152630613,황금거위(AOS),,DECp68UA1uOBhfu,황금거위_미니게임2_RV_Android,RV,21,AppLovin WF,4,0,0,3,1,0.000000,0.00,33.33,0.0000
2026-05-06,152630613,황금거위(AOS),,DECp68UA1uOBhfu,황금거위_미니게임2_RV_Android,RV,16,Fyber,4,2323,0,8,4,0.032000,0.34,50.00,4.0000
2026-05-06,152630613,황금거위(AOS),,DECp68UA1uOBhfu,황금거위_미니게임2_RV_Android,RV,34,ID 34,4,485,305,221,30,0.426463,45.57,13.57,1.9297
2026-05-06,152630613,황금거위(AOS),,DECp68UA1uOBhfu,황금거위_미니게임2_RV_Android,RV,18,Pangle,4,1138,237,155,30,0.100000,13.62,19.35,0.6452
2026-05-06,152630613,황금거위(AOS),,DECp68UA1uOBhfu,황금거위_미니게임2_RV_Android,RV,14,Vungle,4,0,0,4,1,0.003940,0.00,25.00,0.9850
2026-05-06,880605234,황금거위(iOS),,889ZlHXzRQjWWmw,황금거위_미니게임2_RV_iOS,RV,0,Adpopcorn SSP,1,107,25,8,3,0.049233,7.48,37.50,6.1541
2026-05-06,880605234,황금거위(iOS),,889ZlHXzRQjWWmw,황금거위_미니게임2_RV_iOS,RV,16,Fyber,4,106,0,15,14,0.060000,14.15,93.33,4.0000
2026-05-06,880605234,황금거위(iOS),,889ZlHXzRQjWWmw,황금거위_미니게임2_RV_iOS,RV,34,ID 34,4,67,67,49,2,0.119350,73.13,4.08,2.4357
2026-05-06,880605234,황금거위(iOS),,889ZlHXzRQjWWmw,황금거위_미니게임2_RV_iOS,RV,18,Pangle,4,89,19,10,4,0.030000,11.24,40.00,3.0000
2026-05-06,152630613,황금거위(AOS),,AIeWRQ2R5CbBNyO,황금거위_보너스캐시_RV_Android,RV,0,Adpopcorn SSP,1,1912,484,243,66,1.284824,12.71,27.16,5.2873
2026-05-06,152630613,황금거위(AOS),,AIeWRQ2R5CbBNyO,황금거위_보너스캐시_RV_Android,RV,21,AppLovin WF,4,0,0,2,2,0.000000,0.00,100.00,0.0000
2026-05-06,152630613,황금거위(AOS),,AIeWRQ2R5CbBNyO,황금거위_보너스캐시_RV_Android,RV,16,Fyber,4,4230,0,13,5,0.073000,0.31,38.46,5.6154
2026-05-06,152630613,황금거위(AOS),,AIeWRQ2R5CbBNyO,황금거위_보너스캐시_RV_Android,RV,34,ID 34,4,1330,814,435,27,0.920391,32.71,6.21,2.1158
2026-05-06,152630613,황금거위(AOS),,AIeWRQ2R5CbBNyO,황금거위_보너스캐시_RV_Android,RV,18,Pangle,4,2213,419,194,39,0.150000,8.77,20.10,0.7732
2026-05-06,152630613,황금거위(AOS),,AIeWRQ2R5CbBNyO,황금거위_보너스캐시_RV_Android,RV,14,Vungle,4,0,0,11,6,0.024453,0.00,54.55,2.2230
2026-05-06,880605234,황금거위(iOS),,efq4IKkCEZ9y55e,황금거위_보너스캐시_RV_iOS,RV,0,Adpopcorn SSP,1,212,31,13,1,0.117924,6.13,7.69,9.0711
2026-05-06,880605234,황금거위(iOS),,efq4IKkCEZ9y55e,황금거위_보너스캐시_RV_iOS,RV,16,Fyber,4,1,0,1,0,0.001000,100.00,0.00,1.0000
2026-05-06,880605234,황금거위(iOS),,efq4IKkCEZ9y55e,황금거위_보너스캐시_RV_iOS,RV,34,ID 34,4,151,151,80,1,0.293111,52.98,1.25,3.6639
2026-05-06,880605234,황금거위(iOS),,efq4IKkCEZ9y55e,황금거위_보너스캐시_RV_iOS,RV,18,Pangle,4,201,34,18,6,0.050000,8.96,33.33,2.7778
2026-05-06,152630613,황금거위(AOS),,nrbMhFxX4AEcFxq,황금거위_출석체크_RV_Android,RV,0,Adpopcorn SSP,1,668,168,66,23,0.431963,9.88,34.85,6.5449
2026-05-06,152630613,황금거위(AOS),,nrbMhFxX4AEcFxq,황금거위_출석체크_RV_Android,RV,21,AppLovin WF,4,0,0,2,2,0.000000,0.00,100.00,0.0000
2026-05-06,152630613,황금거위(AOS),,nrbMhFxX4AEcFxq,황금거위_출석체크_RV_Android,RV,16,Fyber,4,1598,0,16,4,0.066000,1.00,25.00,4.1250
2026-05-06,152630613,황금거위(AOS),,nrbMhFxX4AEcFxq,황금거위_출석체크_RV_Android,RV,34,ID 34,4,484,256,129,6,0.279647,26.65,4.65,2.1678
2026-05-06,152630613,황금거위(AOS),,nrbMhFxX4AEcFxq,황금거위_출석체크_RV_Android,RV,18,Pangle,4,860,179,77,20,0.050000,8.95,25.97,0.6494
2026-05-06,152630613,황금거위(AOS),,nrbMhFxX4AEcFxq,황금거위_출석체크_RV_Android,RV,14,Vungle,4,0,0,1,0,0.000479,0.00,0.00,0.4790
2026-05-06,880605234,황금거위(iOS),,pri9mYRn7kAgmbp,황금거위_출석체크_RV_iOS,RV,0,Adpopcorn SSP,1,82,11,2,0,0.008464,2.44,0.00,4.2320
2026-05-06,880605234,황금거위(iOS),,pri9mYRn7kAgmbp,황금거위_출석체크_RV_iOS,RV,34,ID 34,4,54,54,28,0,0.179579,51.85,0.00,6.4135
2026-05-06,880605234,황금거위(iOS),,pri9mYRn7kAgmbp,황금거위_출석체크_RV_iOS,RV,18,Pangle,4,88,24,12,3,0.040000,13.64,25.00,3.3333
2026-05-06,152630613,황금거위(AOS),,XvgdJsTGilO5s0n,황금거위_황금알_RV_Android,RV,0,Adpopcorn SSP,1,2,0,0,0,0.000000,0.00,0.00,0.0000
2026-05-06,152630613,황금거위(AOS),,XvgdJsTGilO5s0n,황금거위_황금알_RV_Android,RV,16,Fyber,4,2,0,0,0,0.000000,0.00,0.00,0.0000
2026-05-06,152630613,황금거위(AOS),,XvgdJsTGilO5s0n,황금거위_황금알_RV_Android,RV,34,ID 34,4,2,2,0,0,0.000000,0.00,0.00,0.0000
2026-05-06,152630613,황금거위(AOS),,XvgdJsTGilO5s0n,황금거위_황금알_RV_Android,RV,18,Pangle,4,6,1,0,0,0.000000,0.00,0.00,0.0000
2026-05-06,152630613,황금거위(AOS),,TKeAFuGGcj4nJkY,BANNER_320x50_ADNROID,배너,0,Adpopcorn SSP,1,5405,3506,3483,3,0.110729,64.44,0.09,0.0318
2026-05-06,880605234,황금거위(iOS),,K7ycD8gltcncKGp,BANNER_320x50_iOS,배너,0,Adpopcorn SSP,1,533,345,344,0,0.035925,64.54,0.00,0.1044
2026-05-06,152630613,황금거위(AOS),,C3mnch5tzeN2ekh,MAX_황금거위_BANNER_320x50_Android,배너,0,Adpopcorn SSP,1,51,0,0,0,0.000000,0.00,0.00,0.0000
2026-05-06,152630613,황금거위(AOS),,C3mnch5tzeN2ekh,MAX_황금거위_BANNER_320x50_Android,배너,23,AppLovin Bidding,4,0,0,39,0,0.006064,0.00,0.00,0.1555
2026-05-06,880605234,황금거위(iOS),,vwkQHnVjazlBLGT,MAX_황금거위_BANNER_320x50_iOS,배너,0,Adpopcorn SSP,1,10,0,0,0,0.000000,0.00,0.00,0.0000
2026-05-06,880605234,황금거위(iOS),,vwkQHnVjazlBLGT,MAX_황금거위_BANNER_320x50_iOS,배너,23,AppLovin Bidding,4,0,0,7,0,0.001630,0.00,0.00,0.2329
2026-05-06,152630613,황금거위(AOS),,3xIqvUw5WOsbcjB,MAX_황금거위_황금알_IV_Android,전면,0,Adpopcorn SSP,1,88,0,0,0,0.000000,0.00,0.00,0.0000
2026-05-06,152630613,황금거위(AOS),,3xIqvUw5WOsbcjB,MAX_황금거위_황금알_IV_Android,전면,23,AppLovin Bidding,4,0,0,35,0,0.116308,0.00,0.00,3.3231
2026-05-06,880605234,황금거위(iOS),,Fx2IKZezhiusQf5,MAX_황금거위_황금알_IV_iOS,전면,0,Adpopcorn SSP,1,11,0,0,0,0.000000,0.00,0.00,0.0000
2026-05-06,880605234,황금거위(iOS),,Fx2IKZezhiusQf5,MAX_황금거위_황금알_IV_iOS,전면,23,AppLovin Bidding,4,0,0,6,0,0.039416,0.00,0.00,6.5693
2026-05-06,152630613,황금거위(AOS),,4zLAQUTzDGMz2Oi,황금거위_황금알_IV_Android,전면,0,Adpopcorn SSP,1,9684,1936,1332,296,4.962048,13.75,22.22,3.7253
2026-05-06,152630613,황금거위(AOS),,4zLAQUTzDGMz2Oi,황금거위_황금알_IV_Android,전면,21,AppLovin WF,4,0,0,49,29,0.050000,0.00,59.18,1.0204
2026-05-06,152630613,황금거위(AOS),,4zLAQUTzDGMz2Oi,황금거위_황금알_IV_Android,전면,16,Fyber,4,22551,0,438,173,1.453000,1.94,39.50,3.3174
2026-05-06,152630613,황금거위(AOS),,4zLAQUTzDGMz2Oi,황금거위_황금알_IV_Android,전면,34,ID 34,4,6620,3153,2476,157,4.265809,37.40,6.34,1.7229
2026-05-06,152630613,황금거위(AOS),,4zLAQUTzDGMz2Oi,황금거위_황금알_IV_Android,전면,18,Pangle,4,14665,2854,2238,474,1.180000,15.26,21.18,0.5273
2026-05-06,152630613,황금거위(AOS),,4zLAQUTzDGMz2Oi,황금거위_황금알_IV_Android,전면,14,Vungle,4,0,0,100,38,0.127861,0.00,38.00,1.2786
2026-05-06,880605234,황금거위(iOS),,BppkJs2NQiqilXy,황금거위_황금알_IV_iOS,전면,0,Adpopcorn SSP,1,1095,181,34,6,0.327076,3.11,17.65,9.6199
2026-05-06,880605234,황금거위(iOS),,BppkJs2NQiqilXy,황금거위_황금알_IV_iOS,전면,16,Fyber,4,1109,0,54,43,0.266000,4.87,79.63,4.9259
2026-05-06,880605234,황금거위(iOS),,BppkJs2NQiqilXy,황금거위_황금알_IV_iOS,전면,34,ID 34,4,730,730,526,36,1.308196,72.05,6.84,2.4871
2026-05-06,880605234,황금거위(iOS),,BppkJs2NQiqilXy,황금거위_황금알_IV_iOS,전면,18,Pangle,4,975,193,137,24,0.410000,14.05,17.52,2.9927
2026-05-07,152630613,황금거위(AOS),,Zm7FzyhrOwXJZ6j,(미사용)_지면11,RV,7,Unity,4,0,0,0,0,0.000000,0.00,0.00,0.0000
2026-05-07,152630613,황금거위(AOS),,jMpJ6WZRm9yGm0K,(미사용)_지면15,RV,7,Unity,4,0,0,0,0,0.000000,0.00,0.00,0.0000
2026-05-07,152630613,황금거위(AOS),,cTbhY0TbWBWJhio,MAX_황금거위_미니게임1_RV_Android,RV,0,Adpopcorn SSP,1,164,0,0,0,0.000000,0.00,0.00,0.0000
2026-05-07,152630613,황금거위(AOS),,cTbhY0TbWBWJhio,MAX_황금거위_미니게임1_RV_Android,RV,23,AppLovin Bidding,4,0,0,191,0,0.610912,0.00,0.00,3.1985
2026-05-07,880605234,황금거위(iOS),,s8ClX6oeda97PEK,MAX_황금거위_미니게임1_RV_iOS,RV,0,Adpopcorn SSP,1,116,0,0,0,0.000000,0.00,0.00,0.0000
2026-05-07,880605234,황금거위(iOS),,s8ClX6oeda97PEK,MAX_황금거위_미니게임1_RV_iOS,RV,23,AppLovin Bidding,4,0,0,87,0,0.489868,0.00,0.00,5.6307
2026-05-07,152630613,황금거위(AOS),,8KcXMLumUGBxt0R,MAX_황금거위_미니게임2_RV_Android,RV,0,Adpopcorn SSP,1,128,0,0,0,0.000000,0.00,0.00,0.0000
2026-05-07,152630613,황금거위(AOS),,8KcXMLumUGBxt0R,MAX_황금거위_미니게임2_RV_Android,RV,23,AppLovin Bidding,4,0,0,143,0,0.296368,0.00,0.00,2.0725
2026-05-07,880605234,황금거위(iOS),,QSxAQyfPWHuV6ZT,MAX_황금거위_미니게임2_RV_iOS,RV,0,Adpopcorn SSP,1,87,0,0,0,0.000000,0.00,0.00,0.0000
2026-05-07,880605234,황금거위(iOS),,QSxAQyfPWHuV6ZT,MAX_황금거위_미니게임2_RV_iOS,RV,23,AppLovin Bidding,4,0,0,67,0,0.331381,0.00,0.00,4.9460
2026-05-07,152630613,황금거위(AOS),,oH0uEdYZw8uMahW,MAX_황금거위_보너스캐시_RV_Android,RV,0,Adpopcorn SSP,1,184,0,0,0,0.000000,0.00,0.00,0.0000
2026-05-07,152630613,황금거위(AOS),,oH0uEdYZw8uMahW,MAX_황금거위_보너스캐시_RV_Android,RV,23,AppLovin Bidding,4,0,0,168,0,0.378326,0.00,0.00,2.2519
2026-05-07,880605234,황금거위(iOS),,7giUHyvhclCpJsh,MAX_황금거위_보너스캐시_RV_iOS,RV,0,Adpopcorn SSP,1,178,0,0,0,0.000000,0.00,0.00,0.0000
2026-05-07,880605234,황금거위(iOS),,7giUHyvhclCpJsh,MAX_황금거위_보너스캐시_RV_iOS,RV,23,AppLovin Bidding,4,0,0,99,0,0.852514,0.00,0.00,8.6113
2026-05-07,152630613,황금거위(AOS),,UMQG3ThfjgYizHB,MAX_황금거위_출석체크_RV_Android,RV,0,Adpopcorn SSP,1,148,0,0,0,0.000000,0.00,0.00,0.0000
2026-05-07,152630613,황금거위(AOS),,UMQG3ThfjgYizHB,MAX_황금거위_출석체크_RV_Android,RV,23,AppLovin Bidding,4,0,0,119,0,0.319673,0.00,0.00,2.6863
2026-05-07,880605234,황금거위(iOS),,B7YvZYzXe8jNBGY,MAX_황금거위_출석체크_RV_iOS,RV,0,Adpopcorn SSP,1,64,0,0,0,0.000000,0.00,0.00,0.0000
2026-05-07,880605234,황금거위(iOS),,B7YvZYzXe8jNBGY,MAX_황금거위_출석체크_RV_iOS,RV,23,AppLovin Bidding,4,0,0,38,0,0.290610,0.00,0.00,7.6476
2026-05-07,152630613,황금거위(AOS),,TcKzRUNsjYIQFJs,황금거위_미니게임1_RV_Android,RV,0,Adpopcorn SSP,1,1249,364,253,69,1.200580,20.26,27.27,4.7454
2026-05-07,152630613,황금거위(AOS),,TcKzRUNsjYIQFJs,황금거위_미니게임1_RV_Android,RV,21,AppLovin WF,4,0,0,5,4,0.010000,0.00,80.00,2.0000
2026-05-07,152630613,황금거위(AOS),,TcKzRUNsjYIQFJs,황금거위_미니게임1_RV_Android,RV,16,Fyber,4,2392,0,11,2,0.018000,0.46,18.18,1.6364
2026-05-07,152630613,황금거위(AOS),,TcKzRUNsjYIQFJs,황금거위_미니게임1_RV_Android,RV,34,ID 34,4,751,571,420,38,0.913108,55.93,9.05,2.1741
2026-05-07,152630613,황금거위(AOS),,TcKzRUNsjYIQFJs,황금거위_미니게임1_RV_Android,RV,18,Pangle,4,1315,223,136,28,0.090000,10.34,20.59,0.6618
2026-05-07,152630613,황금거위(AOS),,TcKzRUNsjYIQFJs,황금거위_미니게임1_RV_Android,RV,7,Unity,4,0,0,0,0,0.000000,0.00,0.00,0.0000
2026-05-07,152630613,황금거위(AOS),,TcKzRUNsjYIQFJs,황금거위_미니게임1_RV_Android,RV,14,Vungle,4,0,0,6,2,0.007844,0.00,33.33,1.3073
2026-05-07,880605234,황금거위(iOS),,dwOiJPQUsoXKdMT,황금거위_미니게임1_RV_iOS,RV,0,Adpopcorn SSP,1,28,6,1,0,0.003607,3.57,0.00,3.6070
2026-05-07,880605234,황금거위(iOS),,dwOiJPQUsoXKdMT,황금거위_미니게임1_RV_iOS,RV,34,ID 34,4,20,20,15,2,0.031760,75.00,13.33,2.1173
2026-05-07,880605234,황금거위(iOS),,dwOiJPQUsoXKdMT,황금거위_미니게임1_RV_iOS,RV,18,Pangle,4,19,7,5,1,0.020000,26.32,20.00,4.0000
2026-05-07,152630613,황금거위(AOS),,DECp68UA1uOBhfu,황금거위_미니게임2_RV_Android,RV,0,Adpopcorn SSP,1,978,366,260,74,0.845307,26.58,28.46,3.2512
2026-05-07,152630613,황금거위(AOS),,DECp68UA1uOBhfu,황금거위_미니게임2_RV_Android,RV,21,AppLovin WF,4,0,0,2,0,0.000000,0.00,0.00,0.0000
2026-05-07,152630613,황금거위(AOS),,DECp68UA1uOBhfu,황금거위_미니게임2_RV_Android,RV,16,Fyber,4,1906,0,6,3,0.014000,0.31,50.00,2.3333
2026-05-07,152630613,황금거위(AOS),,DECp68UA1uOBhfu,황금거위_미니게임2_RV_Android,RV,34,ID 34,4,500,320,239,35,0.498150,47.80,14.64,2.0843
2026-05-07,152630613,황금거위(AOS),,DECp68UA1uOBhfu,황금거위_미니게임2_RV_Android,RV,18,Pangle,4,1044,208,137,26,0.060000,13.12,18.98,0.4380
2026-05-07,152630613,황금거위(AOS),,DECp68UA1uOBhfu,황금거위_미니게임2_RV_Android,RV,7,Unity,4,0,0,0,0,0.000000,0.00,0.00,0.0000
2026-05-07,152630613,황금거위(AOS),,DECp68UA1uOBhfu,황금거위_미니게임2_RV_Android,RV,14,Vungle,4,0,0,6,0,0.008187,0.00,0.00,1.3645
2026-05-07,880605234,황금거위(iOS),,889ZlHXzRQjWWmw,황금거위_미니게임2_RV_iOS,RV,0,Adpopcorn SSP,1,32,9,1,0,0.002979,3.12,0.00,2.9790
2026-05-07,880605234,황금거위(iOS),,889ZlHXzRQjWWmw,황금거위_미니게임2_RV_iOS,RV,16,Fyber,4,16,0,2,0,0.008000,12.50,0.00,4.0000
2026-05-07,880605234,황금거위(iOS),,889ZlHXzRQjWWmw,황금거위_미니게임2_RV_iOS,RV,34,ID 34,4,18,18,13,0,0.014781,72.22,0.00,1.1370
2026-05-07,880605234,황금거위(iOS),,889ZlHXzRQjWWmw,황금거위_미니게임2_RV_iOS,RV,18,Pangle,4,15,4,2,0,0.010000,13.33,0.00,5.0000
2026-05-07,152630613,황금거위(AOS),,AIeWRQ2R5CbBNyO,황금거위_보너스캐시_RV_Android,RV,0,Adpopcorn SSP,1,1766,461,232,65,1.597260,13.14,28.02,6.8847
2026-05-07,152630613,황금거위(AOS),,AIeWRQ2R5CbBNyO,황금거위_보너스캐시_RV_Android,RV,21,AppLovin WF,4,0,0,3,1,0.000000,0.00,33.33,0.0000
2026-05-07,152630613,황금거위(AOS),,AIeWRQ2R5CbBNyO,황금거위_보너스캐시_RV_Android,RV,16,Fyber,4,3424,0,11,2,0.047000,0.32,18.18,4.2727
2026-05-07,152630613,황금거위(AOS),,AIeWRQ2R5CbBNyO,황금거위_보너스캐시_RV_Android,RV,34,ID 34,4,1141,792,420,34,1.059912,36.81,8.10,2.5236
2026-05-07,152630613,황금거위(AOS),,AIeWRQ2R5CbBNyO,황금거위_보너스캐시_RV_Android,RV,18,Pangle,4,1870,331,165,32,0.110000,8.82,19.39,0.6667
2026-05-07,152630613,황금거위(AOS),,AIeWRQ2R5CbBNyO,황금거위_보너스캐시_RV_Android,RV,7,Unity,4,0,0,0,0,0.000000,0.00,0.00,0.0000
2026-05-07,152630613,황금거위(AOS),,AIeWRQ2R5CbBNyO,황금거위_보너스캐시_RV_Android,RV,14,Vungle,4,0,0,6,0,0.011142,0.00,0.00,1.8570
2026-05-07,880605234,황금거위(iOS),,efq4IKkCEZ9y55e,황금거위_보너스캐시_RV_iOS,RV,0,Adpopcorn SSP,1,29,7,1,1,0.015782,3.45,100.00,15.7820
2026-05-07,880605234,황금거위(iOS),,efq4IKkCEZ9y55e,황금거위_보너스캐시_RV_iOS,RV,34,ID 34,4,16,16,9,2,0.087920,56.25,22.22,9.7689
2026-05-07,880605234,황금거위(iOS),,efq4IKkCEZ9y55e,황금거위_보너스캐시_RV_iOS,RV,18,Pangle,4,18,7,2,0,0.010000,11.11,0.00,5.0000
2026-05-07,152630613,황금거위(AOS),,nrbMhFxX4AEcFxq,황금거위_출석체크_RV_Android,RV,0,Adpopcorn SSP,1,551,138,56,17,0.347476,10.16,30.36,6.2049
2026-05-07,152630613,황금거위(AOS),,nrbMhFxX4AEcFxq,황금거위_출석체크_RV_Android,RV,21,AppLovin WF,4,0,0,1,0,0.000000,0.00,0.00,0.0000
2026-05-07,152630613,황금거위(AOS),,nrbMhFxX4AEcFxq,황금거위_출석체크_RV_Android,RV,16,Fyber,4,952,0,11,6,0.042000,1.16,54.55,3.8182
2026-05-07,152630613,황금거위(AOS),,nrbMhFxX4AEcFxq,황금거위_출석체크_RV_Android,RV,34,ID 34,4,414,258,141,15,0.422650,34.06,10.64,2.9975
2026-05-07,152630613,황금거위(AOS),,nrbMhFxX4AEcFxq,황금거위_출석체크_RV_Android,RV,18,Pangle,4,592,109,45,5,0.030000,7.60,11.11,0.6667
2026-05-07,152630613,황금거위(AOS),,nrbMhFxX4AEcFxq,황금거위_출석체크_RV_Android,RV,7,Unity,4,0,0,0,0,0.000000,0.00,0.00,0.0000
2026-05-07,152630613,황금거위(AOS),,nrbMhFxX4AEcFxq,황금거위_출석체크_RV_Android,RV,14,Vungle,4,0,0,3,0,0.004474,0.00,0.00,1.4913
2026-05-07,880605234,황금거위(iOS),,pri9mYRn7kAgmbp,황금거위_출석체크_RV_iOS,RV,0,Adpopcorn SSP,1,15,1,0,0,0.000000,0.00,0.00,0.0000
2026-05-07,880605234,황금거위(iOS),,pri9mYRn7kAgmbp,황금거위_출석체크_RV_iOS,RV,34,ID 34,4,7,7,3,0,0.032107,42.86,0.00,10.7023
2026-05-07,880605234,황금거위(iOS),,pri9mYRn7kAgmbp,황금거위_출석체크_RV_iOS,RV,18,Pangle,4,10,7,4,0,0.010000,40.00,0.00,2.5000
2026-05-07,152630613,황금거위(AOS),,XvgdJsTGilO5s0n,황금거위_황금알_RV_Android,RV,0,Adpopcorn SSP,1,3,1,1,0,0.004319,33.33,0.00,4.3190
2026-05-07,152630613,황금거위(AOS),,XvgdJsTGilO5s0n,황금거위_황금알_RV_Android,RV,16,Fyber,4,1,0,0,0,0.000000,0.00,0.00,0.0000
2026-05-07,152630613,황금거위(AOS),,XvgdJsTGilO5s0n,황금거위_황금알_RV_Android,RV,34,ID 34,4,1,1,0,0,0.000000,0.00,0.00,0.0000
2026-05-07,152630613,황금거위(AOS),,XvgdJsTGilO5s0n,황금거위_황금알_RV_Android,RV,18,Pangle,4,4,0,0,0,0.000000,0.00,0.00,0.0000
2026-05-07,152630613,황금거위(AOS),,XvgdJsTGilO5s0n,황금거위_황금알_RV_Android,RV,7,Unity,4,0,0,0,0,0.000000,0.00,0.00,0.0000
2026-05-07,880605234,황금거위(iOS),,RQeUixRooxXfCLZ,황금거위_황금알_RV_iOS,RV,0,Adpopcorn SSP,1,1,1,0,0,0.000000,0.00,0.00,0.0000
2026-05-07,152630613,황금거위(AOS),,TKeAFuGGcj4nJkY,BANNER_320x50_ADNROID,배너,0,Adpopcorn SSP,1,5275,3894,3864,3,0.120908,73.25,0.08,0.0313
2026-05-07,880605234,황금거위(iOS),,K7ycD8gltcncKGp,BANNER_320x50_iOS,배너,0,Adpopcorn SSP,1,98,61,60,0,0.009274,61.22,0.00,0.1546
2026-05-07,152630613,황금거위(AOS),,C3mnch5tzeN2ekh,MAX_황금거위_BANNER_320x50_Android,배너,0,Adpopcorn SSP,1,457,0,0,0,0.000000,0.00,0.00,0.0000
2026-05-07,152630613,황금거위(AOS),,C3mnch5tzeN2ekh,MAX_황금거위_BANNER_320x50_Android,배너,23,AppLovin Bidding,4,0,0,2124,0,0.097098,0.00,0.00,0.0457
2026-05-07,880605234,황금거위(iOS),,vwkQHnVjazlBLGT,MAX_황금거위_BANNER_320x50_iOS,배너,0,Adpopcorn SSP,1,406,0,0,0,0.000000,0.00,0.00,0.0000
2026-05-07,880605234,황금거위(iOS),,vwkQHnVjazlBLGT,MAX_황금거위_BANNER_320x50_iOS,배너,23,AppLovin Bidding,4,0,0,800,0,0.116412,0.00,0.00,0.1455
2026-05-07,152630613,황금거위(AOS),,tl45NuBN13CE6Zo,(미사용)_지면13,전면,7,Unity,4,0,0,0,0,0.000000,0.00,0.00,0.0000
2026-05-07,152630613,황금거위(AOS),,KnRM9J73nGZDyNl,(미사용)_지면9,전면,7,Unity,4,0,0,0,0,0.000000,0.00,0.00,0.0000
2026-05-07,152630613,황금거위(AOS),,3xIqvUw5WOsbcjB,MAX_황금거위_황금알_IV_Android,전면,0,Adpopcorn SSP,1,1143,0,0,0,0.000000,0.00,0.00,0.0000
2026-05-07,152630613,황금거위(AOS),,3xIqvUw5WOsbcjB,MAX_황금거위_황금알_IV_Android,전면,23,AppLovin Bidding,4,0,0,1667,0,2.956729,0.00,0.00,1.7737
2026-05-07,880605234,황금거위(iOS),,Fx2IKZezhiusQf5,MAX_황금거위_황금알_IV_iOS,전면,0,Adpopcorn SSP,1,912,0,0,0,0.000000,0.00,0.00,0.0000
2026-05-07,880605234,황금거위(iOS),,Fx2IKZezhiusQf5,MAX_황금거위_황금알_IV_iOS,전면,23,AppLovin Bidding,4,0,0,736,0,5.014802,0.00,0.00,6.8136
2026-05-07,152630613,황금거위(AOS),,yHF7tDB84XOBw8b,황금거위_미니게임1_IV_Android,전면,7,Unity,4,0,0,0,0,0.000000,0.00,0.00,0.0000
2026-05-07,152630613,황금거위(AOS),,krTeIJf4Hzov49A,황금거위_미니게임2_IV_Android,전면,7,Unity,4,0,0,0,0,0.000000,0.00,0.00,0.0000
2026-05-07,152630613,황금거위(AOS),,9de98q5xv1xUaVJ,황금거위_보너스캐시_IV_Android,전면,7,Unity,4,0,0,0,0,0.000000,0.00,0.00,0.0000
2026-05-07,152630613,황금거위(AOS),,yO1Y4UZp6QFEG6h,황금거위_출석체크_IV_Android,전면,7,Unity,4,0,0,0,0,0.000000,0.00,0.00,0.0000
2026-05-07,152630613,황금거위(AOS),,4zLAQUTzDGMz2Oi,황금거위_황금알_IV_Android,전면,0,Adpopcorn SSP,1,8384,1655,1088,256,4.202469,12.98,23.53,3.8626
2026-05-07,152630613,황금거위(AOS),,4zLAQUTzDGMz2Oi,황금거위_황금알_IV_Android,전면,21,AppLovin WF,4,0,0,27,21,0.030000,0.00,77.78,1.1111
2026-05-07,152630613,황금거위(AOS),,4zLAQUTzDGMz2Oi,황금거위_황금알_IV_Android,전면,16,Fyber,4,17177,0,275,122,1.076000,1.60,44.36,3.9127
2026-05-07,152630613,황금거위(AOS),,4zLAQUTzDGMz2Oi,황금거위_황금알_IV_Android,전면,34,ID 34,4,6187,3431,2609,168,4.922740,42.17,6.44,1.8868
2026-05-07,152630613,황금거위(AOS),,4zLAQUTzDGMz2Oi,황금거위_황금알_IV_Android,전면,18,Pangle,4,11261,1898,1431,296,0.790000,12.71,20.68,0.5521
2026-05-07,152630613,황금거위(AOS),,4zLAQUTzDGMz2Oi,황금거위_황금알_IV_Android,전면,7,Unity,4,0,0,0,0,0.000000,0.00,0.00,0.0000
2026-05-07,152630613,황금거위(AOS),,4zLAQUTzDGMz2Oi,황금거위_황금알_IV_Android,전면,14,Vungle,4,0,0,94,34,0.118254,0.00,36.17,1.2580
2026-05-07,880605234,황금거위(iOS),,BppkJs2NQiqilXy,황금거위_황금알_IV_iOS,전면,0,Adpopcorn SSP,1,344,83,3,1,0.010903,0.87,33.33,3.6343
2026-05-07,880605234,황금거위(iOS),,BppkJs2NQiqilXy,황금거위_황금알_IV_iOS,전면,16,Fyber,4,220,0,1,1,0.005000,0.45,100.00,5.0000
2026-05-07,880605234,황금거위(iOS),,BppkJs2NQiqilXy,황금거위_황금알_IV_iOS,전면,34,ID 34,4,156,156,75,12,0.110375,48.08,16.00,1.4717
2026-05-07,880605234,황금거위(iOS),,BppkJs2NQiqilXy,황금거위_황금알_IV_iOS,전면,18,Pangle,4,199,42,27,2,0.080000,13.57,7.41,2.9630
2026-05-08,152630613,황금거위(AOS),,Zm7FzyhrOwXJZ6j,(미사용)_지면11,RV,7,Unity,4,0,0,0,0,0.000000,0.00,0.00,0.0000
2026-05-08,152630613,황금거위(AOS),,jMpJ6WZRm9yGm0K,(미사용)_지면15,RV,7,Unity,4,0,0,0,0,0.000000,0.00,0.00,0.0000
2026-05-08,152630613,황금거위(AOS),,cTbhY0TbWBWJhio,MAX_황금거위_미니게임1_RV_Android,RV,0,Adpopcorn SSP,1,1255,0,0,0,0.000000,0.00,0.00,0.0000
2026-05-08,152630613,황금거위(AOS),,cTbhY0TbWBWJhio,MAX_황금거위_미니게임1_RV_Android,RV,23,AppLovin Bidding,4,0,0,971,0,5.445025,0.00,0.00,5.6076
2026-05-08,880605234,황금거위(iOS),,s8ClX6oeda97PEK,MAX_황금거위_미니게임1_RV_iOS,RV,0,Adpopcorn SSP,1,127,0,0,0,0.000000,0.00,0.00,0.0000
2026-05-08,880605234,황금거위(iOS),,s8ClX6oeda97PEK,MAX_황금거위_미니게임1_RV_iOS,RV,23,AppLovin Bidding,4,0,0,89,0,0.728100,0.00,0.00,8.1809
2026-05-08,152630613,황금거위(AOS),,8KcXMLumUGBxt0R,MAX_황금거위_미니게임2_RV_Android,RV,0,Adpopcorn SSP,1,916,0,0,0,0.000000,0.00,0.00,0.0000
2026-05-08,152630613,황금거위(AOS),,8KcXMLumUGBxt0R,MAX_황금거위_미니게임2_RV_Android,RV,23,AppLovin Bidding,4,0,0,713,0,2.035112,0.00,0.00,2.8543
2026-05-08,880605234,황금거위(iOS),,QSxAQyfPWHuV6ZT,MAX_황금거위_미니게임2_RV_iOS,RV,0,Adpopcorn SSP,1,93,0,0,0,0.000000,0.00,0.00,0.0000
2026-05-08,880605234,황금거위(iOS),,QSxAQyfPWHuV6ZT,MAX_황금거위_미니게임2_RV_iOS,RV,23,AppLovin Bidding,4,0,0,71,0,0.249091,0.00,0.00,3.5083
2026-05-08,152630613,황금거위(AOS),,oH0uEdYZw8uMahW,MAX_황금거위_보너스캐시_RV_Android,RV,0,Adpopcorn SSP,1,1750,0,0,0,0.000000,0.00,0.00,0.0000
2026-05-08,152630613,황금거위(AOS),,oH0uEdYZw8uMahW,MAX_황금거위_보너스캐시_RV_Android,RV,23,AppLovin Bidding,4,0,0,937,0,3.099242,0.00,0.00,3.3076
2026-05-08,880605234,황금거위(iOS),,7giUHyvhclCpJsh,MAX_황금거위_보너스캐시_RV_iOS,RV,0,Adpopcorn SSP,1,195,0,0,0,0.000000,0.00,0.00,0.0000
2026-05-08,880605234,황금거위(iOS),,7giUHyvhclCpJsh,MAX_황금거위_보너스캐시_RV_iOS,RV,23,AppLovin Bidding,4,0,0,100,0,0.583687,0.00,0.00,5.8369
2026-05-08,152630613,황금거위(AOS),,UMQG3ThfjgYizHB,MAX_황금거위_출석체크_RV_Android,RV,0,Adpopcorn SSP,1,546,0,0,0,0.000000,0.00,0.00,0.0000
2026-05-08,152630613,황금거위(AOS),,UMQG3ThfjgYizHB,MAX_황금거위_출석체크_RV_Android,RV,23,AppLovin Bidding,4,0,0,298,0,1.152541,0.00,0.00,3.8676
2026-05-08,880605234,황금거위(iOS),,B7YvZYzXe8jNBGY,MAX_황금거위_출석체크_RV_iOS,RV,0,Adpopcorn SSP,1,77,0,0,0,0.000000,0.00,0.00,0.0000
2026-05-08,880605234,황금거위(iOS),,B7YvZYzXe8jNBGY,MAX_황금거위_출석체크_RV_iOS,RV,23,AppLovin Bidding,4,0,0,38,0,0.295052,0.00,0.00,7.7645
2026-05-08,152630613,황금거위(AOS),,VGaLBMjmpkJ0Axd,MAX_황금거위_황금알_RV_Android,RV,0,Adpopcorn SSP,1,2,0,0,0,0.000000,0.00,0.00,0.0000
2026-05-08,152630613,황금거위(AOS),,VGaLBMjmpkJ0Axd,MAX_황금거위_황금알_RV_Android,RV,23,AppLovin Bidding,4,0,0,1,0,0.000166,0.00,0.00,0.1660
2026-05-08,152630613,황금거위(AOS),,TcKzRUNsjYIQFJs,황금거위_미니게임1_RV_Android,RV,7,Unity,4,0,0,0,0,0.000000,0.00,0.00,0.0000
2026-05-08,880605234,황금거위(iOS),,dwOiJPQUsoXKdMT,황금거위_미니게임1_RV_iOS,RV,0,Adpopcorn SSP,1,3,0,0,0,0.000000,0.00,0.00,0.0000
2026-05-08,880605234,황금거위(iOS),,dwOiJPQUsoXKdMT,황금거위_미니게임1_RV_iOS,RV,34,ID 34,4,3,3,2,0,0.006794,66.67,0.00,3.3970
2026-05-08,880605234,황금거위(iOS),,dwOiJPQUsoXKdMT,황금거위_미니게임1_RV_iOS,RV,18,Pangle,4,3,0,0,0,0.000000,0.00,0.00,0.0000
2026-05-08,152630613,황금거위(AOS),,DECp68UA1uOBhfu,황금거위_미니게임2_RV_Android,RV,7,Unity,4,0,0,0,0,0.000000,0.00,0.00,0.0000
2026-05-08,880605234,황금거위(iOS),,889ZlHXzRQjWWmw,황금거위_미니게임2_RV_iOS,RV,16,Fyber,4,4,0,1,1,0.004000,25.00,100.00,4.0000
2026-05-08,152630613,황금거위(AOS),,AIeWRQ2R5CbBNyO,황금거위_보너스캐시_RV_Android,RV,7,Unity,4,0,0,0,0,0.000000,0.00,0.00,0.0000
2026-05-08,880605234,황금거위(iOS),,efq4IKkCEZ9y55e,황금거위_보너스캐시_RV_iOS,RV,0,Adpopcorn SSP,1,4,2,0,0,0.000000,0.00,0.00,0.0000
2026-05-08,880605234,황금거위(iOS),,efq4IKkCEZ9y55e,황금거위_보너스캐시_RV_iOS,RV,34,ID 34,4,1,1,0,0,0.000000,0.00,0.00,0.0000
2026-05-08,880605234,황금거위(iOS),,efq4IKkCEZ9y55e,황금거위_보너스캐시_RV_iOS,RV,18,Pangle,4,6,4,2,0,0.010000,33.33,0.00,5.0000
2026-05-08,152630613,황금거위(AOS),,nrbMhFxX4AEcFxq,황금거위_출석체크_RV_Android,RV,7,Unity,4,0,0,0,0,0.000000,0.00,0.00,0.0000
2026-05-08,152630613,황금거위(AOS),,XvgdJsTGilO5s0n,황금거위_황금알_RV_Android,RV,7,Unity,4,0,0,0,0,0.000000,0.00,0.00,0.0000
2026-05-08,152630613,황금거위(AOS),,TKeAFuGGcj4nJkY,BANNER_320x50_ADNROID,배너,0,Adpopcorn SSP,1,1,1,0,0,0.000000,0.00,0.00,0.0000
2026-05-08,880605234,황금거위(iOS),,K7ycD8gltcncKGp,BANNER_320x50_iOS,배너,0,Adpopcorn SSP,1,7,6,6,0,0.000487,85.71,0.00,0.0812
2026-05-08,152630613,황금거위(AOS),,C3mnch5tzeN2ekh,MAX_황금거위_BANNER_320x50_Android,배너,0,Adpopcorn SSP,1,4022,0,0,0,0.000000,0.00,0.00,0.0000
2026-05-08,152630613,황금거위(AOS),,C3mnch5tzeN2ekh,MAX_황금거위_BANNER_320x50_Android,배너,23,AppLovin Bidding,4,0,0,9664,0,0.554666,0.00,0.00,0.0574
2026-05-08,880605234,황금거위(iOS),,vwkQHnVjazlBLGT,MAX_황금거위_BANNER_320x50_iOS,배너,0,Adpopcorn SSP,1,423,0,0,0,0.000000,0.00,0.00,0.0000
2026-05-08,880605234,황금거위(iOS),,vwkQHnVjazlBLGT,MAX_황금거위_BANNER_320x50_iOS,배너,23,AppLovin Bidding,4,0,0,803,0,0.109319,0.00,0.00,0.1361
2026-05-08,152630613,황금거위(AOS),,tl45NuBN13CE6Zo,(미사용)_지면13,전면,7,Unity,4,0,0,0,0,0.000000,0.00,0.00,0.0000
2026-05-08,152630613,황금거위(AOS),,KnRM9J73nGZDyNl,(미사용)_지면9,전면,7,Unity,4,0,0,0,0,0.000000,0.00,0.00,0.0000
2026-05-08,152630613,황금거위(AOS),,3xIqvUw5WOsbcjB,MAX_황금거위_황금알_IV_Android,전면,0,Adpopcorn SSP,1,8463,0,0,0,0.000000,0.00,0.00,0.0000
2026-05-08,152630613,황금거위(AOS),,3xIqvUw5WOsbcjB,MAX_황금거위_황금알_IV_Android,전면,23,AppLovin Bidding,4,0,0,6844,0,17.520392,0.00,0.00,2.5600
2026-05-08,880605234,황금거위(iOS),,Fx2IKZezhiusQf5,MAX_황금거위_황금알_IV_iOS,전면,0,Adpopcorn SSP,1,1014,0,0,0,0.000000,0.00,0.00,0.0000
2026-05-08,880605234,황금거위(iOS),,Fx2IKZezhiusQf5,MAX_황금거위_황금알_IV_iOS,전면,23,AppLovin Bidding,4,0,0,721,0,4.970270,0.00,0.00,6.8936
2026-05-08,152630613,황금거위(AOS),,yHF7tDB84XOBw8b,황금거위_미니게임1_IV_Android,전면,7,Unity,4,0,0,0,0,0.000000,0.00,0.00,0.0000
2026-05-08,152630613,황금거위(AOS),,krTeIJf4Hzov49A,황금거위_미니게임2_IV_Android,전면,7,Unity,4,0,0,0,0,0.000000,0.00,0.00,0.0000
2026-05-08,152630613,황금거위(AOS),,9de98q5xv1xUaVJ,황금거위_보너스캐시_IV_Android,전면,7,Unity,4,0,0,0,0,0.000000,0.00,0.00,0.0000
2026-05-08,152630613,황금거위(AOS),,yO1Y4UZp6QFEG6h,황금거위_출석체크_IV_Android,전면,7,Unity,4,0,0,0,0,0.000000,0.00,0.00,0.0000
2026-05-08,152630613,황금거위(AOS),,4zLAQUTzDGMz2Oi,황금거위_황금알_IV_Android,전면,0,Adpopcorn SSP,1,447,105,0,0,0.000000,0.00,0.00,0.0000
2026-05-08,152630613,황금거위(AOS),,4zLAQUTzDGMz2Oi,황금거위_황금알_IV_Android,전면,16,Fyber,4,602,0,0,0,0.000000,0.00,0.00,0.0000
2026-05-08,152630613,황금거위(AOS),,4zLAQUTzDGMz2Oi,황금거위_황금알_IV_Android,전면,34,ID 34,4,237,200,0,0,0.000000,0.00,0.00,0.0000
2026-05-08,152630613,황금거위(AOS),,4zLAQUTzDGMz2Oi,황금거위_황금알_IV_Android,전면,18,Pangle,4,352,33,4,1,0.000000,1.14,25.00,0.0000
2026-05-08,152630613,황금거위(AOS),,4zLAQUTzDGMz2Oi,황금거위_황금알_IV_Android,전면,7,Unity,4,0,0,0,0,0.000000,0.00,0.00,0.0000
2026-05-08,880605234,황금거위(iOS),,BppkJs2NQiqilXy,황금거위_황금알_IV_iOS,전면,0,Adpopcorn SSP,1,44,21,0,0,0.000000,0.00,0.00,0.0000
2026-05-08,880605234,황금거위(iOS),,BppkJs2NQiqilXy,황금거위_황금알_IV_iOS,전면,16,Fyber,4,52,0,6,5,0.030000,11.54,83.33,5.0000
2026-05-08,880605234,황금거위(iOS),,BppkJs2NQiqilXy,황금거위_황금알_IV_iOS,전면,34,ID 34,4,10,10,4,1,0.012920,40.00,25.00,3.2300
2026-05-08,880605234,황금거위(iOS),,BppkJs2NQiqilXy,황금거위_황금알_IV_iOS,전면,18,Pangle,4,15,5,0,0,0.000000,0.00,0.00,0.0000
2026-05-09,152630613,황금거위(AOS),,Zm7FzyhrOwXJZ6j,(미사용)_지면11,RV,7,Unity,4,0,0,0,0,0.000000,0.00,0.00,0.0000
2026-05-09,880605234,황금거위(iOS),,Yoax5Xff5smHHAp,(미사용)_지면12,RV,7,Unity,4,0,0,0,0,0.000000,0.00,0.00,0.0000
2026-05-09,152630613,황금거위(AOS),,jMpJ6WZRm9yGm0K,(미사용)_지면15,RV,7,Unity,4,0,0,0,0,0.000000,0.00,0.00,0.0000
2026-05-09,880605234,황금거위(iOS),,pr94HFCE3HHLxRh,(미사용)_지면8,RV,7,Unity,4,0,0,0,0,0.000000,0.00,0.00,0.0000
2026-05-09,152630613,황금거위(AOS),,cTbhY0TbWBWJhio,MAX_황금거위_미니게임1_RV_Android,RV,0,Adpopcorn SSP,1,1371,0,0,0,0.000000,0.00,0.00,0.0000
2026-05-09,152630613,황금거위(AOS),,cTbhY0TbWBWJhio,MAX_황금거위_미니게임1_RV_Android,RV,23,AppLovin Bidding,4,0,0,1063,0,5.150198,0.00,0.00,4.8450
2026-05-09,880605234,황금거위(iOS),,s8ClX6oeda97PEK,MAX_황금거위_미니게임1_RV_iOS,RV,0,Adpopcorn SSP,1,117,0,0,0,0.000000,0.00,0.00,0.0000
2026-05-09,880605234,황금거위(iOS),,s8ClX6oeda97PEK,MAX_황금거위_미니게임1_RV_iOS,RV,23,AppLovin Bidding,4,0,0,95,0,1.240813,0.00,0.00,13.0612
2026-05-09,152630613,황금거위(AOS),,8KcXMLumUGBxt0R,MAX_황금거위_미니게임2_RV_Android,RV,0,Adpopcorn SSP,1,1042,0,0,0,0.000000,0.00,0.00,0.0000
2026-05-09,152630613,황금거위(AOS),,8KcXMLumUGBxt0R,MAX_황금거위_미니게임2_RV_Android,RV,23,AppLovin Bidding,4,0,0,826,0,2.888062,0.00,0.00,3.4964
2026-05-09,880605234,황금거위(iOS),,QSxAQyfPWHuV6ZT,MAX_황금거위_미니게임2_RV_iOS,RV,0,Adpopcorn SSP,1,77,0,0,0,0.000000,0.00,0.00,0.0000
2026-05-09,880605234,황금거위(iOS),,QSxAQyfPWHuV6ZT,MAX_황금거위_미니게임2_RV_iOS,RV,23,AppLovin Bidding,4,0,0,69,0,0.779987,0.00,0.00,11.3042
2026-05-09,152630613,황금거위(AOS),,oH0uEdYZw8uMahW,MAX_황금거위_보너스캐시_RV_Android,RV,0,Adpopcorn SSP,1,1974,0,0,0,0.000000,0.00,0.00,0.0000
2026-05-09,152630613,황금거위(AOS),,oH0uEdYZw8uMahW,MAX_황금거위_보너스캐시_RV_Android,RV,23,AppLovin Bidding,4,0,0,1042,0,4.138416,0.00,0.00,3.9716
2026-05-09,880605234,황금거위(iOS),,7giUHyvhclCpJsh,MAX_황금거위_보너스캐시_RV_iOS,RV,0,Adpopcorn SSP,1,184,0,0,0,0.000000,0.00,0.00,0.0000
2026-05-09,880605234,황금거위(iOS),,7giUHyvhclCpJsh,MAX_황금거위_보너스캐시_RV_iOS,RV,23,AppLovin Bidding,4,0,0,100,0,0.719461,0.00,0.00,7.1946
2026-05-09,152630613,황금거위(AOS),,UMQG3ThfjgYizHB,MAX_황금거위_출석체크_RV_Android,RV,0,Adpopcorn SSP,1,677,0,0,0,0.000000,0.00,0.00,0.0000
2026-05-09,152630613,황금거위(AOS),,UMQG3ThfjgYizHB,MAX_황금거위_출석체크_RV_Android,RV,23,AppLovin Bidding,4,0,0,351,0,1.342548,0.00,0.00,3.8249
2026-05-09,880605234,황금거위(iOS),,B7YvZYzXe8jNBGY,MAX_황금거위_출석체크_RV_iOS,RV,0,Adpopcorn SSP,1,55,0,0,0,0.000000,0.00,0.00,0.0000
2026-05-09,880605234,황금거위(iOS),,B7YvZYzXe8jNBGY,MAX_황금거위_출석체크_RV_iOS,RV,23,AppLovin Bidding,4,0,0,33,0,0.369711,0.00,0.00,11.2034
2026-05-09,152630613,황금거위(AOS),,VGaLBMjmpkJ0Axd,MAX_황금거위_황금알_RV_Android,RV,0,Adpopcorn SSP,1,1,0,0,0,0.000000,0.00,0.00,0.0000
2026-05-09,152630613,황금거위(AOS),,VGaLBMjmpkJ0Axd,MAX_황금거위_황금알_RV_Android,RV,23,AppLovin Bidding,4,0,0,1,0,0.002411,0.00,0.00,2.4110
2026-05-09,152630613,황금거위(AOS),,TcKzRUNsjYIQFJs,황금거위_미니게임1_RV_Android,RV,7,Unity,4,0,0,0,0,0.000000,0.00,0.00,0.0000
2026-05-09,880605234,황금거위(iOS),,dwOiJPQUsoXKdMT,황금거위_미니게임1_RV_iOS,RV,0,Adpopcorn SSP,1,4,1,0,0,0.000000,0.00,0.00,0.0000
2026-05-09,880605234,황금거위(iOS),,dwOiJPQUsoXKdMT,황금거위_미니게임1_RV_iOS,RV,34,ID 34,4,4,4,3,0,0.002909,75.00,0.00,0.9697
2026-05-09,880605234,황금거위(iOS),,dwOiJPQUsoXKdMT,황금거위_미니게임1_RV_iOS,RV,18,Pangle,4,5,0,0,0,0.000000,0.00,0.00,0.0000
2026-05-09,880605234,황금거위(iOS),,dwOiJPQUsoXKdMT,황금거위_미니게임1_RV_iOS,RV,7,Unity,4,0,0,0,0,0.000000,0.00,0.00,0.0000
2026-05-09,152630613,황금거위(AOS),,DECp68UA1uOBhfu,황금거위_미니게임2_RV_Android,RV,7,Unity,4,0,0,0,0,0.000000,0.00,0.00,0.0000
2026-05-09,880605234,황금거위(iOS),,889ZlHXzRQjWWmw,황금거위_미니게임2_RV_iOS,RV,0,Adpopcorn SSP,1,4,1,0,0,0.000000,0.00,0.00,0.0000
2026-05-09,880605234,황금거위(iOS),,889ZlHXzRQjWWmw,황금거위_미니게임2_RV_iOS,RV,16,Fyber,4,4,0,0,0,0.000000,0.00,0.00,0.0000
2026-05-09,880605234,황금거위(iOS),,889ZlHXzRQjWWmw,황금거위_미니게임2_RV_iOS,RV,34,ID 34,4,3,3,2,0,0.001435,66.67,0.00,0.7175
2026-05-09,880605234,황금거위(iOS),,889ZlHXzRQjWWmw,황금거위_미니게임2_RV_iOS,RV,18,Pangle,4,5,0,0,0,0.000000,0.00,0.00,0.0000
2026-05-09,880605234,황금거위(iOS),,889ZlHXzRQjWWmw,황금거위_미니게임2_RV_iOS,RV,7,Unity,4,0,0,0,0,0.000000,0.00,0.00,0.0000
2026-05-09,152630613,황금거위(AOS),,AIeWRQ2R5CbBNyO,황금거위_보너스캐시_RV_Android,RV,7,Unity,4,0,0,0,0,0.000000,0.00,0.00,0.0000
2026-05-09,880605234,황금거위(iOS),,efq4IKkCEZ9y55e,황금거위_보너스캐시_RV_iOS,RV,0,Adpopcorn SSP,1,2,1,0,0,0.000000,0.00,0.00,0.0000
2026-05-09,880605234,황금거위(iOS),,efq4IKkCEZ9y55e,황금거위_보너스캐시_RV_iOS,RV,34,ID 34,4,1,1,0,0,0.000000,0.00,0.00,0.0000
2026-05-09,880605234,황금거위(iOS),,efq4IKkCEZ9y55e,황금거위_보너스캐시_RV_iOS,RV,18,Pangle,4,3,0,0,0,0.000000,0.00,0.00,0.0000
2026-05-09,880605234,황금거위(iOS),,efq4IKkCEZ9y55e,황금거위_보너스캐시_RV_iOS,RV,7,Unity,4,0,0,0,0,0.000000,0.00,0.00,0.0000
2026-05-09,152630613,황금거위(AOS),,nrbMhFxX4AEcFxq,황금거위_출석체크_RV_Android,RV,7,Unity,4,0,0,0,0,0.000000,0.00,0.00,0.0000
2026-05-09,880605234,황금거위(iOS),,pri9mYRn7kAgmbp,황금거위_출석체크_RV_iOS,RV,0,Adpopcorn SSP,1,2,1,0,0,0.000000,0.00,0.00,0.0000
2026-05-09,880605234,황금거위(iOS),,pri9mYRn7kAgmbp,황금거위_출석체크_RV_iOS,RV,34,ID 34,4,2,2,1,0,0.001261,50.00,0.00,1.2610
2026-05-09,880605234,황금거위(iOS),,pri9mYRn7kAgmbp,황금거위_출석체크_RV_iOS,RV,18,Pangle,4,3,0,0,0,0.000000,0.00,0.00,0.0000
2026-05-09,880605234,황금거위(iOS),,pri9mYRn7kAgmbp,황금거위_출석체크_RV_iOS,RV,7,Unity,4,0,0,0,0,0.000000,0.00,0.00,0.0000
2026-05-09,152630613,황금거위(AOS),,XvgdJsTGilO5s0n,황금거위_황금알_RV_Android,RV,7,Unity,4,0,0,0,0,0.000000,0.00,0.00,0.0000
2026-05-09,880605234,황금거위(iOS),,RQeUixRooxXfCLZ,황금거위_황금알_RV_iOS,RV,7,Unity,4,0,0,0,0,0.000000,0.00,0.00,0.0000
2026-05-09,880605234,황금거위(iOS),,K7ycD8gltcncKGp,BANNER_320x50_iOS,배너,0,Adpopcorn SSP,1,10,5,5,0,0.000188,50.00,0.00,0.0376
2026-05-09,152630613,황금거위(AOS),,C3mnch5tzeN2ekh,MAX_황금거위_BANNER_320x50_Android,배너,0,Adpopcorn SSP,1,4381,0,0,0,0.000000,0.00,0.00,0.0000
2026-05-09,152630613,황금거위(AOS),,C3mnch5tzeN2ekh,MAX_황금거위_BANNER_320x50_Android,배너,23,AppLovin Bidding,4,0,0,6904,0,0.567673,0.00,0.00,0.0822
2026-05-09,880605234,황금거위(iOS),,vwkQHnVjazlBLGT,MAX_황금거위_BANNER_320x50_iOS,배너,0,Adpopcorn SSP,1,401,0,0,0,0.000000,0.00,0.00,0.0000
2026-05-09,880605234,황금거위(iOS),,vwkQHnVjazlBLGT,MAX_황금거위_BANNER_320x50_iOS,배너,23,AppLovin Bidding,4,0,0,822,0,0.120209,0.00,0.00,0.1462
2026-05-09,880605234,황금거위(iOS),,Rqq5ys6rPgw1xtE,(미사용)_지면10,전면,7,Unity,4,0,0,0,0,0.000000,0.00,0.00,0.0000
2026-05-09,152630613,황금거위(AOS),,tl45NuBN13CE6Zo,(미사용)_지면13,전면,7,Unity,4,0,0,0,0,0.000000,0.00,0.00,0.0000
2026-05-09,880605234,황금거위(iOS),,WJq3uX8XHlAfwvd,(미사용)_지면14,전면,7,Unity,4,0,0,0,0,0.000000,0.00,0.00,0.0000
2026-05-09,152630613,황금거위(AOS),,KnRM9J73nGZDyNl,(미사용)_지면9,전면,7,Unity,4,0,0,0,0,0.000000,0.00,0.00,0.0000
2026-05-09,152630613,황금거위(AOS),,3xIqvUw5WOsbcjB,MAX_황금거위_황금알_IV_Android,전면,0,Adpopcorn SSP,1,9007,0,0,0,0.000000,0.00,0.00,0.0000
2026-05-09,152630613,황금거위(AOS),,3xIqvUw5WOsbcjB,MAX_황금거위_황금알_IV_Android,전면,23,AppLovin Bidding,4,0,0,6992,0,17.886672,0.00,0.00,2.5582
2026-05-09,880605234,황금거위(iOS),,Fx2IKZezhiusQf5,MAX_황금거위_황금알_IV_iOS,전면,0,Adpopcorn SSP,1,1027,0,0,0,0.000000,0.00,0.00,0.0000
2026-05-09,880605234,황금거위(iOS),,Fx2IKZezhiusQf5,MAX_황금거위_황금알_IV_iOS,전면,23,AppLovin Bidding,4,0,0,724,0,4.443386,0.00,0.00,6.1373
2026-05-09,152630613,황금거위(AOS),,yHF7tDB84XOBw8b,황금거위_미니게임1_IV_Android,전면,7,Unity,4,0,0,0,0,0.000000,0.00,0.00,0.0000
2026-05-09,880605234,황금거위(iOS),,YwA9FTqWurcS5ji,황금거위_미니게임1_IV_iOS,전면,7,Unity,4,0,0,0,0,0.000000,0.00,0.00,0.0000
2026-05-09,152630613,황금거위(AOS),,krTeIJf4Hzov49A,황금거위_미니게임2_IV_Android,전면,7,Unity,4,0,0,0,0,0.000000,0.00,0.00,0.0000
2026-05-09,880605234,황금거위(iOS),,YlKHNPBshONOF8i,황금거위_미니게임2_IV_iOS,전면,7,Unity,4,0,0,0,0,0.000000,0.00,0.00,0.0000
2026-05-09,152630613,황금거위(AOS),,9de98q5xv1xUaVJ,황금거위_보너스캐시_IV_Android,전면,7,Unity,4,0,0,0,0,0.000000,0.00,0.00,0.0000
2026-05-09,880605234,황금거위(iOS),,MFMw8wcWwYCVV5t,황금거위_보너스캐시_IV_iOS,전면,7,Unity,4,0,0,0,0,0.000000,0.00,0.00,0.0000
2026-05-09,152630613,황금거위(AOS),,yO1Y4UZp6QFEG6h,황금거위_출석체크_IV_Android,전면,7,Unity,4,0,0,0,0,0.000000,0.00,0.00,0.0000
2026-05-09,880605234,황금거위(iOS),,uTswTQM5e1puEGv,황금거위_출석체크_IV_iOS,전면,7,Unity,4,0,0,0,0,0.000000,0.00,0.00,0.0000
2026-05-09,152630613,황금거위(AOS),,4zLAQUTzDGMz2Oi,황금거위_황금알_IV_Android,전면,0,Adpopcorn SSP,1,38,10,0,0,0.000000,0.00,0.00,0.0000
2026-05-09,152630613,황금거위(AOS),,4zLAQUTzDGMz2Oi,황금거위_황금알_IV_Android,전면,16,Fyber,4,40,0,0,0,0.000000,0.00,0.00,0.0000
2026-05-09,152630613,황금거위(AOS),,4zLAQUTzDGMz2Oi,황금거위_황금알_IV_Android,전면,34,ID 34,4,23,11,0,0,0.000000,0.00,0.00,0.0000
2026-05-09,152630613,황금거위(AOS),,4zLAQUTzDGMz2Oi,황금거위_황금알_IV_Android,전면,18,Pangle,4,20,1,0,0,0.000000,0.00,0.00,0.0000
2026-05-09,152630613,황금거위(AOS),,4zLAQUTzDGMz2Oi,황금거위_황금알_IV_Android,전면,7,Unity,4,0,0,0,0,0.000000,0.00,0.00,0.0000
2026-05-09,880605234,황금거위(iOS),,BppkJs2NQiqilXy,황금거위_황금알_IV_iOS,전면,0,Adpopcorn SSP,1,24,11,0,0,0.000000,0.00,0.00,0.0000
2026-05-09,880605234,황금거위(iOS),,BppkJs2NQiqilXy,황금거위_황금알_IV_iOS,전면,16,Fyber,4,22,0,1,1,0.005000,4.55,100.00,5.0000
2026-05-09,880605234,황금거위(iOS),,BppkJs2NQiqilXy,황금거위_황금알_IV_iOS,전면,34,ID 34,4,13,13,11,0,0.011131,84.62,0.00,1.0119
2026-05-09,880605234,황금거위(iOS),,BppkJs2NQiqilXy,황금거위_황금알_IV_iOS,전면,18,Pangle,4,25,1,0,0,0.000000,0.00,0.00,0.0000
2026-05-09,880605234,황금거위(iOS),,BppkJs2NQiqilXy,황금거위_황금알_IV_iOS,전면,7,Unity,4,0,0,0,0,0.000000,0.00,0.00,0.0000
2026-05-10,152630613,황금거위(AOS),,Zm7FzyhrOwXJZ6j,(미사용)_지면11,RV,7,Unity,4,0,0,0,0,0.000000,0.00,0.00,0.0000
2026-05-10,152630613,황금거위(AOS),,jMpJ6WZRm9yGm0K,(미사용)_지면15,RV,7,Unity,4,0,0,0,0,0.000000,0.00,0.00,0.0000
2026-05-10,152630613,황금거위(AOS),,cTbhY0TbWBWJhio,MAX_황금거위_미니게임1_RV_Android,RV,0,Adpopcorn SSP,1,1500,0,0,0,0.000000,0.00,0.00,0.0000
2026-05-10,152630613,황금거위(AOS),,cTbhY0TbWBWJhio,MAX_황금거위_미니게임1_RV_Android,RV,23,AppLovin Bidding,4,0,0,1072,0,4.779808,0.00,0.00,4.4588
2026-05-10,880605234,황금거위(iOS),,s8ClX6oeda97PEK,MAX_황금거위_미니게임1_RV_iOS,RV,0,Adpopcorn SSP,1,131,0,0,0,0.000000,0.00,0.00,0.0000
2026-05-10,880605234,황금거위(iOS),,s8ClX6oeda97PEK,MAX_황금거위_미니게임1_RV_iOS,RV,23,AppLovin Bidding,4,0,0,87,0,0.907629,0.00,0.00,10.4325
2026-05-10,152630613,황금거위(AOS),,8KcXMLumUGBxt0R,MAX_황금거위_미니게임2_RV_Android,RV,0,Adpopcorn SSP,1,1148,0,0,0,0.000000,0.00,0.00,0.0000
2026-05-10,152630613,황금거위(AOS),,8KcXMLumUGBxt0R,MAX_황금거위_미니게임2_RV_Android,RV,23,AppLovin Bidding,4,0,0,836,0,2.853022,0.00,0.00,3.4127
2026-05-10,880605234,황금거위(iOS),,QSxAQyfPWHuV6ZT,MAX_황금거위_미니게임2_RV_iOS,RV,0,Adpopcorn SSP,1,117,0,0,0,0.000000,0.00,0.00,0.0000
2026-05-10,880605234,황금거위(iOS),,QSxAQyfPWHuV6ZT,MAX_황금거위_미니게임2_RV_iOS,RV,23,AppLovin Bidding,4,0,0,74,0,0.426197,0.00,0.00,5.7594
2026-05-10,152630613,황금거위(AOS),,oH0uEdYZw8uMahW,MAX_황금거위_보너스캐시_RV_Android,RV,0,Adpopcorn SSP,1,2005,0,0,0,0.000000,0.00,0.00,0.0000
2026-05-10,152630613,황금거위(AOS),,oH0uEdYZw8uMahW,MAX_황금거위_보너스캐시_RV_Android,RV,23,AppLovin Bidding,4,0,0,1071,0,4.088881,0.00,0.00,3.8178
2026-05-10,880605234,황금거위(iOS),,7giUHyvhclCpJsh,MAX_황금거위_보너스캐시_RV_iOS,RV,0,Adpopcorn SSP,1,185,0,0,0,0.000000,0.00,0.00,0.0000
2026-05-10,880605234,황금거위(iOS),,7giUHyvhclCpJsh,MAX_황금거위_보너스캐시_RV_iOS,RV,23,AppLovin Bidding,4,0,0,98,0,0.735143,0.00,0.00,7.5015
2026-05-10,152630613,황금거위(AOS),,UMQG3ThfjgYizHB,MAX_황금거위_출석체크_RV_Android,RV,0,Adpopcorn SSP,1,660,0,0,0,0.000000,0.00,0.00,0.0000
2026-05-10,152630613,황금거위(AOS),,UMQG3ThfjgYizHB,MAX_황금거위_출석체크_RV_Android,RV,23,AppLovin Bidding,4,0,0,340,0,1.760080,0.00,0.00,5.1767
2026-05-10,880605234,황금거위(iOS),,B7YvZYzXe8jNBGY,MAX_황금거위_출석체크_RV_iOS,RV,0,Adpopcorn SSP,1,98,0,0,0,0.000000,0.00,0.00,0.0000
2026-05-10,880605234,황금거위(iOS),,B7YvZYzXe8jNBGY,MAX_황금거위_출석체크_RV_iOS,RV,23,AppLovin Bidding,4,0,0,44,0,0.282494,0.00,0.00,6.4203
2026-05-10,152630613,황금거위(AOS),,VGaLBMjmpkJ0Axd,MAX_황금거위_황금알_RV_Android,RV,0,Adpopcorn SSP,1,1,0,0,0,0.000000,0.00,0.00,0.0000
2026-05-10,880605234,황금거위(iOS),,NXR6ZwfUpdxfWpo,MAX_황금거위_황금알_RV_iOS,RV,0,Adpopcorn SSP,1,1,0,0,0,0.000000,0.00,0.00,0.0000
2026-05-10,152630613,황금거위(AOS),,TcKzRUNsjYIQFJs,황금거위_미니게임1_RV_Android,RV,7,Unity,4,0,0,0,0,0.000000,0.00,0.00,0.0000
2026-05-10,880605234,황금거위(iOS),,dwOiJPQUsoXKdMT,황금거위_미니게임1_RV_iOS,RV,0,Adpopcorn SSP,1,4,3,0,0,0.000000,0.00,0.00,0.0000
2026-05-10,880605234,황금거위(iOS),,dwOiJPQUsoXKdMT,황금거위_미니게임1_RV_iOS,RV,34,ID 34,4,1,1,0,0,0.000000,0.00,0.00,0.0000
2026-05-10,152630613,황금거위(AOS),,DECp68UA1uOBhfu,황금거위_미니게임2_RV_Android,RV,7,Unity,4,0,0,0,0,0.000000,0.00,0.00,0.0000
2026-05-10,880605234,황금거위(iOS),,889ZlHXzRQjWWmw,황금거위_미니게임2_RV_iOS,RV,0,Adpopcorn SSP,1,4,3,0,0,0.000000,0.00,0.00,0.0000
2026-05-10,880605234,황금거위(iOS),,889ZlHXzRQjWWmw,황금거위_미니게임2_RV_iOS,RV,16,Fyber,4,4,0,1,1,0.004000,25.00,100.00,4.0000
2026-05-10,880605234,황금거위(iOS),,889ZlHXzRQjWWmw,황금거위_미니게임2_RV_iOS,RV,34,ID 34,4,2,2,2,0,0.002797,100.00,0.00,1.3985
2026-05-10,152630613,황금거위(AOS),,AIeWRQ2R5CbBNyO,황금거위_보너스캐시_RV_Android,RV,7,Unity,4,0,0,0,0,0.000000,0.00,0.00,0.0000
2026-05-10,880605234,황금거위(iOS),,efq4IKkCEZ9y55e,황금거위_보너스캐시_RV_iOS,RV,0,Adpopcorn SSP,1,2,2,0,0,0.000000,0.00,0.00,0.0000
2026-05-10,880605234,황금거위(iOS),,efq4IKkCEZ9y55e,황금거위_보너스캐시_RV_iOS,RV,34,ID 34,4,2,2,1,0,0.002419,50.00,0.00,2.4190
2026-05-10,152630613,황금거위(AOS),,nrbMhFxX4AEcFxq,황금거위_출석체크_RV_Android,RV,7,Unity,4,0,0,0,0,0.000000,0.00,0.00,0.0000
2026-05-10,880605234,황금거위(iOS),,pri9mYRn7kAgmbp,황금거위_출석체크_RV_iOS,RV,0,Adpopcorn SSP,1,2,2,0,0,0.000000,0.00,0.00,0.0000
2026-05-10,880605234,황금거위(iOS),,pri9mYRn7kAgmbp,황금거위_출석체크_RV_iOS,RV,34,ID 34,4,1,1,1,0,0.002170,100.00,0.00,2.1700
2026-05-10,152630613,황금거위(AOS),,XvgdJsTGilO5s0n,황금거위_황금알_RV_Android,RV,7,Unity,4,0,0,0,0,0.000000,0.00,0.00,0.0000
2026-05-10,880605234,황금거위(iOS),,K7ycD8gltcncKGp,BANNER_320x50_iOS,배너,0,Adpopcorn SSP,1,7,2,2,0,0.000056,28.57,0.00,0.0280
2026-05-10,152630613,황금거위(AOS),,C3mnch5tzeN2ekh,MAX_황금거위_BANNER_320x50_Android,배너,0,Adpopcorn SSP,1,4588,0,0,0,0.000000,0.00,0.00,0.0000
2026-05-10,152630613,황금거위(AOS),,C3mnch5tzeN2ekh,MAX_황금거위_BANNER_320x50_Android,배너,23,AppLovin Bidding,4,0,0,6053,0,0.532571,0.00,0.00,0.0880
2026-05-10,880605234,황금거위(iOS),,vwkQHnVjazlBLGT,MAX_황금거위_BANNER_320x50_iOS,배너,0,Adpopcorn SSP,1,455,0,0,0,0.000000,0.00,0.00,0.0000
2026-05-10,880605234,황금거위(iOS),,vwkQHnVjazlBLGT,MAX_황금거위_BANNER_320x50_iOS,배너,23,AppLovin Bidding,4,0,0,754,0,0.090583,0.00,0.00,0.1201
2026-05-10,152630613,황금거위(AOS),,tl45NuBN13CE6Zo,(미사용)_지면13,전면,7,Unity,4,0,0,0,0,0.000000,0.00,0.00,0.0000
2026-05-10,152630613,황금거위(AOS),,KnRM9J73nGZDyNl,(미사용)_지면9,전면,7,Unity,4,0,0,0,0,0.000000,0.00,0.00,0.0000
2026-05-10,152630613,황금거위(AOS),,3xIqvUw5WOsbcjB,MAX_황금거위_황금알_IV_Android,전면,0,Adpopcorn SSP,1,9433,0,0,0,0.000000,0.00,0.00,0.0000
2026-05-10,152630613,황금거위(AOS),,3xIqvUw5WOsbcjB,MAX_황금거위_황금알_IV_Android,전면,23,AppLovin Bidding,4,0,0,7300,0,21.426383,0.00,0.00,2.9351
2026-05-10,880605234,황금거위(iOS),,Fx2IKZezhiusQf5,MAX_황금거위_황금알_IV_iOS,전면,0,Adpopcorn SSP,1,1098,0,0,0,0.000000,0.00,0.00,0.0000
2026-05-10,880605234,황금거위(iOS),,Fx2IKZezhiusQf5,MAX_황금거위_황금알_IV_iOS,전면,23,AppLovin Bidding,4,0,0,744,0,4.197130,0.00,0.00,5.6413
2026-05-10,152630613,황금거위(AOS),,yHF7tDB84XOBw8b,황금거위_미니게임1_IV_Android,전면,7,Unity,4,0,0,0,0,0.000000,0.00,0.00,0.0000
2026-05-10,152630613,황금거위(AOS),,krTeIJf4Hzov49A,황금거위_미니게임2_IV_Android,전면,7,Unity,4,0,0,0,0,0.000000,0.00,0.00,0.0000
2026-05-10,152630613,황금거위(AOS),,9de98q5xv1xUaVJ,황금거위_보너스캐시_IV_Android,전면,7,Unity,4,0,0,0,0,0.000000,0.00,0.00,0.0000
2026-05-10,152630613,황금거위(AOS),,yO1Y4UZp6QFEG6h,황금거위_출석체크_IV_Android,전면,7,Unity,4,0,0,0,0,0.000000,0.00,0.00,0.0000
2026-05-10,152630613,황금거위(AOS),,4zLAQUTzDGMz2Oi,황금거위_황금알_IV_Android,전면,0,Adpopcorn SSP,1,20,8,0,0,0.000000,0.00,0.00,0.0000
2026-05-10,152630613,황금거위(AOS),,4zLAQUTzDGMz2Oi,황금거위_황금알_IV_Android,전면,16,Fyber,4,45,0,0,0,0.000000,0.00,0.00,0.0000
2026-05-10,152630613,황금거위(AOS),,4zLAQUTzDGMz2Oi,황금거위_황금알_IV_Android,전면,34,ID 34,4,7,7,0,0,0.000000,0.00,0.00,0.0000
2026-05-10,152630613,황금거위(AOS),,4zLAQUTzDGMz2Oi,황금거위_황금알_IV_Android,전면,18,Pangle,4,15,1,0,0,0.000000,0.00,0.00,0.0000
2026-05-10,152630613,황금거위(AOS),,4zLAQUTzDGMz2Oi,황금거위_황금알_IV_Android,전면,7,Unity,4,0,0,0,0,0.000000,0.00,0.00,0.0000
2026-05-10,880605234,황금거위(iOS),,BppkJs2NQiqilXy,황금거위_황금알_IV_iOS,전면,0,Adpopcorn SSP,1,13,2,0,0,0.000000,0.00,0.00,0.0000
2026-05-10,880605234,황금거위(iOS),,BppkJs2NQiqilXy,황금거위_황금알_IV_iOS,전면,16,Fyber,4,13,0,1,1,0.005000,7.69,100.00,5.0000
2026-05-10,880605234,황금거위(iOS),,BppkJs2NQiqilXy,황금거위_황금알_IV_iOS,전면,34,ID 34,4,9,9,8,0,0.011591,88.89,0.00,1.4489
2026-05-11,152630613,황금거위(AOS),,Zm7FzyhrOwXJZ6j,(미사용)_지면11,RV,7,Unity,4,0,0,0,0,0.000000,0.00,0.00,0.0000
2026-05-11,880605234,황금거위(iOS),,Yoax5Xff5smHHAp,(미사용)_지면12,RV,7,Unity,4,0,0,0,0,0.000000,0.00,0.00,0.0000
2026-05-11,152630613,황금거위(AOS),,jMpJ6WZRm9yGm0K,(미사용)_지면15,RV,7,Unity,4,0,0,0,0,0.000000,0.00,0.00,0.0000
2026-05-11,880605234,황금거위(iOS),,pr94HFCE3HHLxRh,(미사용)_지면8,RV,7,Unity,4,0,0,0,0,0.000000,0.00,0.00,0.0000
2026-05-11,152630613,황금거위(AOS),,cTbhY0TbWBWJhio,MAX_황금거위_미니게임1_RV_Android,RV,0,Adpopcorn SSP,1,1547,0,0,0,0.000000,0.00,0.00,0.0000
2026-05-11,152630613,황금거위(AOS),,cTbhY0TbWBWJhio,MAX_황금거위_미니게임1_RV_Android,RV,23,AppLovin Bidding,4,0,0,1081,0,5.784772,0.00,0.00,5.3513
2026-05-11,880605234,황금거위(iOS),,s8ClX6oeda97PEK,MAX_황금거위_미니게임1_RV_iOS,RV,0,Adpopcorn SSP,1,121,0,0,0,0.000000,0.00,0.00,0.0000
2026-05-11,880605234,황금거위(iOS),,s8ClX6oeda97PEK,MAX_황금거위_미니게임1_RV_iOS,RV,23,AppLovin Bidding,4,0,0,88,0,0.480618,0.00,0.00,5.4616
2026-05-11,152630613,황금거위(AOS),,8KcXMLumUGBxt0R,MAX_황금거위_미니게임2_RV_Android,RV,0,Adpopcorn SSP,1,1171,0,0,0,0.000000,0.00,0.00,0.0000
2026-05-11,152630613,황금거위(AOS),,8KcXMLumUGBxt0R,MAX_황금거위_미니게임2_RV_Android,RV,23,AppLovin Bidding,4,0,0,808,0,3.347568,0.00,0.00,4.1430
2026-05-11,880605234,황금거위(iOS),,QSxAQyfPWHuV6ZT,MAX_황금거위_미니게임2_RV_iOS,RV,0,Adpopcorn SSP,1,91,0,0,0,0.000000,0.00,0.00,0.0000
2026-05-11,880605234,황금거위(iOS),,QSxAQyfPWHuV6ZT,MAX_황금거위_미니게임2_RV_iOS,RV,23,AppLovin Bidding,4,0,0,67,0,0.247303,0.00,0.00,3.6911
2026-05-11,152630613,황금거위(AOS),,oH0uEdYZw8uMahW,MAX_황금거위_보너스캐시_RV_Android,RV,0,Adpopcorn SSP,1,2192,0,0,0,0.000000,0.00,0.00,0.0000
2026-05-11,152630613,황금거위(AOS),,oH0uEdYZw8uMahW,MAX_황금거위_보너스캐시_RV_Android,RV,23,AppLovin Bidding,4,0,0,1145,0,4.202709,0.00,0.00,3.6705
2026-05-11,880605234,황금거위(iOS),,7giUHyvhclCpJsh,MAX_황금거위_보너스캐시_RV_iOS,RV,0,Adpopcorn SSP,1,171,0,0,0,0.000000,0.00,0.00,0.0000
2026-05-11,880605234,황금거위(iOS),,7giUHyvhclCpJsh,MAX_황금거위_보너스캐시_RV_iOS,RV,23,AppLovin Bidding,4,0,0,85,0,0.630193,0.00,0.00,7.4140
2026-05-11,152630613,황금거위(AOS),,UMQG3ThfjgYizHB,MAX_황금거위_출석체크_RV_Android,RV,0,Adpopcorn SSP,1,781,0,0,0,0.000000,0.00,0.00,0.0000
2026-05-11,152630613,황금거위(AOS),,UMQG3ThfjgYizHB,MAX_황금거위_출석체크_RV_Android,RV,23,AppLovin Bidding,4,0,0,368,0,1.532316,0.00,0.00,4.1639
2026-05-11,880605234,황금거위(iOS),,B7YvZYzXe8jNBGY,MAX_황금거위_출석체크_RV_iOS,RV,0,Adpopcorn SSP,1,51,0,0,0,0.000000,0.00,0.00,0.0000
2026-05-11,880605234,황금거위(iOS),,B7YvZYzXe8jNBGY,MAX_황금거위_출석체크_RV_iOS,RV,23,AppLovin Bidding,4,0,0,27,0,0.156952,0.00,0.00,5.8130
2026-05-11,152630613,황금거위(AOS),,VGaLBMjmpkJ0Axd,MAX_황금거위_황금알_RV_Android,RV,0,Adpopcorn SSP,1,2,0,0,0,0.000000,0.00,0.00,0.0000
2026-05-11,152630613,황금거위(AOS),,VGaLBMjmpkJ0Axd,MAX_황금거위_황금알_RV_Android,RV,23,AppLovin Bidding,4,0,0,1,0,0.001035,0.00,0.00,1.0350
2026-05-11,152630613,황금거위(AOS),,TcKzRUNsjYIQFJs,황금거위_미니게임1_RV_Android,RV,7,Unity,4,0,0,0,0,0.000000,0.00,0.00,0.0000
2026-05-11,880605234,황금거위(iOS),,dwOiJPQUsoXKdMT,황금거위_미니게임1_RV_iOS,RV,0,Adpopcorn SSP,1,9,0,0,0,0.000000,0.00,0.00,0.0000
2026-05-11,880605234,황금거위(iOS),,dwOiJPQUsoXKdMT,황금거위_미니게임1_RV_iOS,RV,34,ID 34,4,9,9,6,0,0.008514,66.67,0.00,1.4190
2026-05-11,880605234,황금거위(iOS),,dwOiJPQUsoXKdMT,황금거위_미니게임1_RV_iOS,RV,18,Pangle,4,9,0,0,0,0.000000,0.00,0.00,0.0000
2026-05-11,880605234,황금거위(iOS),,dwOiJPQUsoXKdMT,황금거위_미니게임1_RV_iOS,RV,7,Unity,4,0,0,0,0,0.000000,0.00,0.00,0.0000
2026-05-11,152630613,황금거위(AOS),,DECp68UA1uOBhfu,황금거위_미니게임2_RV_Android,RV,7,Unity,4,0,0,0,0,0.000000,0.00,0.00,0.0000
2026-05-11,880605234,황금거위(iOS),,889ZlHXzRQjWWmw,황금거위_미니게임2_RV_iOS,RV,0,Adpopcorn SSP,1,8,2,0,0,0.000000,0.00,0.00,0.0000
2026-05-11,880605234,황금거위(iOS),,889ZlHXzRQjWWmw,황금거위_미니게임2_RV_iOS,RV,16,Fyber,4,4,0,0,0,0.000000,0.00,0.00,0.0000
2026-05-11,880605234,황금거위(iOS),,889ZlHXzRQjWWmw,황금거위_미니게임2_RV_iOS,RV,34,ID 34,4,5,5,4,0,0.004721,80.00,0.00,1.1803
2026-05-11,880605234,황금거위(iOS),,889ZlHXzRQjWWmw,황금거위_미니게임2_RV_iOS,RV,18,Pangle,4,5,0,0,0,0.000000,0.00,0.00,0.0000
2026-05-11,880605234,황금거위(iOS),,889ZlHXzRQjWWmw,황금거위_미니게임2_RV_iOS,RV,7,Unity,4,0,0,0,0,0.000000,0.00,0.00,0.0000
2026-05-11,152630613,황금거위(AOS),,AIeWRQ2R5CbBNyO,황금거위_보너스캐시_RV_Android,RV,7,Unity,4,0,0,0,0,0.000000,0.00,0.00,0.0000
2026-05-11,880605234,황금거위(iOS),,efq4IKkCEZ9y55e,황금거위_보너스캐시_RV_iOS,RV,0,Adpopcorn SSP,1,2,0,0,0,0.000000,0.00,0.00,0.0000
2026-05-11,880605234,황금거위(iOS),,efq4IKkCEZ9y55e,황금거위_보너스캐시_RV_iOS,RV,34,ID 34,4,2,2,1,0,0.003439,50.00,0.00,3.4390
2026-05-11,880605234,황금거위(iOS),,efq4IKkCEZ9y55e,황금거위_보너스캐시_RV_iOS,RV,18,Pangle,4,2,0,0,0,0.000000,0.00,0.00,0.0000
2026-05-11,880605234,황금거위(iOS),,efq4IKkCEZ9y55e,황금거위_보너스캐시_RV_iOS,RV,7,Unity,4,0,0,0,0,0.000000,0.00,0.00,0.0000
2026-05-11,152630613,황금거위(AOS),,nrbMhFxX4AEcFxq,황금거위_출석체크_RV_Android,RV,7,Unity,4,0,0,0,0,0.000000,0.00,0.00,0.0000
2026-05-11,880605234,황금거위(iOS),,pri9mYRn7kAgmbp,황금거위_출석체크_RV_iOS,RV,0,Adpopcorn SSP,1,2,0,0,0,0.000000,0.00,0.00,0.0000
2026-05-11,880605234,황금거위(iOS),,pri9mYRn7kAgmbp,황금거위_출석체크_RV_iOS,RV,34,ID 34,4,2,2,1,0,0.000999,50.00,0.00,0.9990
2026-05-11,880605234,황금거위(iOS),,pri9mYRn7kAgmbp,황금거위_출석체크_RV_iOS,RV,18,Pangle,4,2,0,0,0,0.000000,0.00,0.00,0.0000
2026-05-11,880605234,황금거위(iOS),,pri9mYRn7kAgmbp,황금거위_출석체크_RV_iOS,RV,7,Unity,4,0,0,0,0,0.000000,0.00,0.00,0.0000
2026-05-11,152630613,황금거위(AOS),,XvgdJsTGilO5s0n,황금거위_황금알_RV_Android,RV,7,Unity,4,0,0,0,0,0.000000,0.00,0.00,0.0000
2026-05-11,880605234,황금거위(iOS),,RQeUixRooxXfCLZ,황금거위_황금알_RV_iOS,RV,7,Unity,4,0,0,0,0,0.000000,0.00,0.00,0.0000
2026-05-11,880605234,황금거위(iOS),,K7ycD8gltcncKGp,BANNER_320x50_iOS,배너,0,Adpopcorn SSP,1,14,13,13,0,0.000480,92.86,0.00,0.0369
2026-05-11,152630613,황금거위(AOS),,C3mnch5tzeN2ekh,MAX_황금거위_BANNER_320x50_Android,배너,0,Adpopcorn SSP,1,5011,0,0,0,0.000000,0.00,0.00,0.0000
2026-05-11,152630613,황금거위(AOS),,C3mnch5tzeN2ekh,MAX_황금거위_BANNER_320x50_Android,배너,23,AppLovin Bidding,4,0,0,6203,0,0.509207,0.00,0.00,0.0821
2026-05-11,880605234,황금거위(iOS),,vwkQHnVjazlBLGT,MAX_황금거위_BANNER_320x50_iOS,배너,0,Adpopcorn SSP,1,430,0,0,0,0.000000,0.00,0.00,0.0000
2026-05-11,880605234,황금거위(iOS),,vwkQHnVjazlBLGT,MAX_황금거위_BANNER_320x50_iOS,배너,23,AppLovin Bidding,4,0,0,852,0,0.100418,0.00,0.00,0.1179
2026-05-11,880605234,황금거위(iOS),,Rqq5ys6rPgw1xtE,(미사용)_지면10,전면,7,Unity,4,0,0,0,0,0.000000,0.00,0.00,0.0000
2026-05-11,152630613,황금거위(AOS),,tl45NuBN13CE6Zo,(미사용)_지면13,전면,7,Unity,4,0,0,0,0,0.000000,0.00,0.00,0.0000
2026-05-11,880605234,황금거위(iOS),,WJq3uX8XHlAfwvd,(미사용)_지면14,전면,7,Unity,4,0,0,0,0,0.000000,0.00,0.00,0.0000
2026-05-11,152630613,황금거위(AOS),,KnRM9J73nGZDyNl,(미사용)_지면9,전면,7,Unity,4,0,0,0,0,0.000000,0.00,0.00,0.0000
2026-05-11,152630613,황금거위(AOS),,3xIqvUw5WOsbcjB,MAX_황금거위_황금알_IV_Android,전면,0,Adpopcorn SSP,1,10143,0,0,0,0.000000,0.00,0.00,0.0000
2026-05-11,152630613,황금거위(AOS),,3xIqvUw5WOsbcjB,MAX_황금거위_황금알_IV_Android,전면,23,AppLovin Bidding,4,0,0,7505,0,20.705199,0.00,0.00,2.7589
2026-05-11,880605234,황금거위(iOS),,Fx2IKZezhiusQf5,MAX_황금거위_황금알_IV_iOS,전면,0,Adpopcorn SSP,1,1141,0,0,0,0.000000,0.00,0.00,0.0000
2026-05-11,880605234,황금거위(iOS),,Fx2IKZezhiusQf5,MAX_황금거위_황금알_IV_iOS,전면,23,AppLovin Bidding,4,0,0,776,0,3.371283,0.00,0.00,4.3444
2026-05-11,152630613,황금거위(AOS),,yHF7tDB84XOBw8b,황금거위_미니게임1_IV_Android,전면,7,Unity,4,0,0,0,0,0.000000,0.00,0.00,0.0000
2026-05-11,880605234,황금거위(iOS),,YwA9FTqWurcS5ji,황금거위_미니게임1_IV_iOS,전면,7,Unity,4,0,0,0,0,0.000000,0.00,0.00,0.0000
2026-05-11,152630613,황금거위(AOS),,krTeIJf4Hzov49A,황금거위_미니게임2_IV_Android,전면,7,Unity,4,0,0,0,0,0.000000,0.00,0.00,0.0000
2026-05-11,880605234,황금거위(iOS),,YlKHNPBshONOF8i,황금거위_미니게임2_IV_iOS,전면,7,Unity,4,0,0,0,0,0.000000,0.00,0.00,0.0000
2026-05-11,152630613,황금거위(AOS),,9de98q5xv1xUaVJ,황금거위_보너스캐시_IV_Android,전면,7,Unity,4,0,0,0,0,0.000000,0.00,0.00,0.0000
2026-05-11,880605234,황금거위(iOS),,MFMw8wcWwYCVV5t,황금거위_보너스캐시_IV_iOS,전면,7,Unity,4,0,0,0,0,0.000000,0.00,0.00,0.0000
2026-05-11,152630613,황금거위(AOS),,yO1Y4UZp6QFEG6h,황금거위_출석체크_IV_Android,전면,7,Unity,4,0,0,0,0,0.000000,0.00,0.00,0.0000
2026-05-11,880605234,황금거위(iOS),,uTswTQM5e1puEGv,황금거위_출석체크_IV_iOS,전면,7,Unity,4,0,0,0,0,0.000000,0.00,0.00,0.0000
2026-05-11,152630613,황금거위(AOS),,4zLAQUTzDGMz2Oi,황금거위_황금알_IV_Android,전면,0,Adpopcorn SSP,1,10,3,0,0,0.000000,0.00,0.00,0.0000
2026-05-11,152630613,황금거위(AOS),,4zLAQUTzDGMz2Oi,황금거위_황금알_IV_Android,전면,16,Fyber,4,8,0,0,0,0.000000,0.00,0.00,0.0000
2026-05-11,152630613,황금거위(AOS),,4zLAQUTzDGMz2Oi,황금거위_황금알_IV_Android,전면,34,ID 34,4,3,3,0,0,0.000000,0.00,0.00,0.0000
2026-05-11,152630613,황금거위(AOS),,4zLAQUTzDGMz2Oi,황금거위_황금알_IV_Android,전면,18,Pangle,4,9,1,0,0,0.000000,0.00,0.00,0.0000
2026-05-11,152630613,황금거위(AOS),,4zLAQUTzDGMz2Oi,황금거위_황금알_IV_Android,전면,7,Unity,4,0,0,0,0,0.000000,0.00,0.00,0.0000
2026-05-11,880605234,황금거위(iOS),,BppkJs2NQiqilXy,황금거위_황금알_IV_iOS,전면,0,Adpopcorn SSP,1,27,3,0,0,0.000000,0.00,0.00,0.0000
2026-05-11,880605234,황금거위(iOS),,BppkJs2NQiqilXy,황금거위_황금알_IV_iOS,전면,16,Fyber,4,16,0,0,0,0.000000,0.00,0.00,0.0000
2026-05-11,880605234,황금거위(iOS),,BppkJs2NQiqilXy,황금거위_황금알_IV_iOS,전면,34,ID 34,4,22,22,19,0,0.021494,86.36,0.00,1.1313
2026-05-11,880605234,황금거위(iOS),,BppkJs2NQiqilXy,황금거위_황금알_IV_iOS,전면,18,Pangle,4,23,1,0,0,0.000000,0.00,0.00,0.0000
2026-05-11,880605234,황금거위(iOS),,BppkJs2NQiqilXy,황금거위_황금알_IV_iOS,전면,7,Unity,4,0,0,0,0,0.000000,0.00,0.00,0.0000
2026-05-12,152630613,황금거위(AOS),,Zm7FzyhrOwXJZ6j,(미사용)_지면11,RV,7,Unity,4,0,0,1,0,0.000000,0.00,0.00,0.0000
2026-05-12,880605234,황금거위(iOS),,Yoax5Xff5smHHAp,(미사용)_지면12,RV,7,Unity,4,0,0,0,0,0.000000,0.00,0.00,0.0000
2026-05-12,152630613,황금거위(AOS),,jMpJ6WZRm9yGm0K,(미사용)_지면15,RV,7,Unity,4,0,0,1,0,0.000000,0.00,0.00,0.0000
2026-05-12,880605234,황금거위(iOS),,pr94HFCE3HHLxRh,(미사용)_지면8,RV,7,Unity,4,0,0,0,0,0.000000,0.00,0.00,0.0000
2026-05-12,152630613,황금거위(AOS),,cTbhY0TbWBWJhio,MAX_황금거위_미니게임1_RV_Android,RV,0,Adpopcorn SSP,1,1525,0,0,0,0.000000,0.00,0.00,0.0000
2026-05-12,152630613,황금거위(AOS),,cTbhY0TbWBWJhio,MAX_황금거위_미니게임1_RV_Android,RV,23,AppLovin Bidding,4,0,0,1103,0,5.831810,0.00,0.00,5.2872
2026-05-12,880605234,황금거위(iOS),,s8ClX6oeda97PEK,MAX_황금거위_미니게임1_RV_iOS,RV,0,Adpopcorn SSP,1,126,0,0,0,0.000000,0.00,0.00,0.0000
2026-05-12,880605234,황금거위(iOS),,s8ClX6oeda97PEK,MAX_황금거위_미니게임1_RV_iOS,RV,23,AppLovin Bidding,4,0,0,90,0,0.738887,0.00,0.00,8.2099
2026-05-12,152630613,황금거위(AOS),,8KcXMLumUGBxt0R,MAX_황금거위_미니게임2_RV_Android,RV,0,Adpopcorn SSP,1,1147,0,0,0,0.000000,0.00,0.00,0.0000
2026-05-12,152630613,황금거위(AOS),,8KcXMLumUGBxt0R,MAX_황금거위_미니게임2_RV_Android,RV,23,AppLovin Bidding,4,0,0,846,0,3.118413,0.00,0.00,3.6861
2026-05-12,880605234,황금거위(iOS),,QSxAQyfPWHuV6ZT,MAX_황금거위_미니게임2_RV_iOS,RV,0,Adpopcorn SSP,1,100,0,0,0,0.000000,0.00,0.00,0.0000
2026-05-12,880605234,황금거위(iOS),,QSxAQyfPWHuV6ZT,MAX_황금거위_미니게임2_RV_iOS,RV,23,AppLovin Bidding,4,0,0,74,0,0.331970,0.00,0.00,4.4861
2026-05-12,152630613,황금거위(AOS),,oH0uEdYZw8uMahW,MAX_황금거위_보너스캐시_RV_Android,RV,0,Adpopcorn SSP,1,2009,0,0,0,0.000000,0.00,0.00,0.0000
2026-05-12,152630613,황금거위(AOS),,oH0uEdYZw8uMahW,MAX_황금거위_보너스캐시_RV_Android,RV,23,AppLovin Bidding,4,0,0,1063,0,4.359653,0.00,0.00,4.1013
2026-05-12,880605234,황금거위(iOS),,7giUHyvhclCpJsh,MAX_황금거위_보너스캐시_RV_iOS,RV,0,Adpopcorn SSP,1,192,0,0,0,0.000000,0.00,0.00,0.0000
2026-05-12,880605234,황금거위(iOS),,7giUHyvhclCpJsh,MAX_황금거위_보너스캐시_RV_iOS,RV,23,AppLovin Bidding,4,0,0,100,0,0.709722,0.00,0.00,7.0972
2026-05-12,152630613,황금거위(AOS),,UMQG3ThfjgYizHB,MAX_황금거위_출석체크_RV_Android,RV,0,Adpopcorn SSP,1,623,0,0,0,0.000000,0.00,0.00,0.0000
2026-05-12,152630613,황금거위(AOS),,UMQG3ThfjgYizHB,MAX_황금거위_출석체크_RV_Android,RV,23,AppLovin Bidding,4,0,0,329,0,1.199179,0.00,0.00,3.6449
2026-05-12,880605234,황금거위(iOS),,B7YvZYzXe8jNBGY,MAX_황금거위_출석체크_RV_iOS,RV,0,Adpopcorn SSP,1,62,0,0,0,0.000000,0.00,0.00,0.0000
2026-05-12,880605234,황금거위(iOS),,B7YvZYzXe8jNBGY,MAX_황금거위_출석체크_RV_iOS,RV,23,AppLovin Bidding,4,0,0,30,0,0.334821,0.00,0.00,11.1607
2026-05-12,152630613,황금거위(AOS),,VGaLBMjmpkJ0Axd,MAX_황금거위_황금알_RV_Android,RV,0,Adpopcorn SSP,1,7,0,0,0,0.000000,0.00,0.00,0.0000
2026-05-12,152630613,황금거위(AOS),,VGaLBMjmpkJ0Axd,MAX_황금거위_황금알_RV_Android,RV,23,AppLovin Bidding,4,0,0,4,0,0.034461,0.00,0.00,8.6152
2026-05-12,152630613,황금거위(AOS),,TcKzRUNsjYIQFJs,황금거위_미니게임1_RV_Android,RV,7,Unity,4,0,0,1,0,0.000000,0.00,0.00,0.0000
2026-05-12,880605234,황금거위(iOS),,dwOiJPQUsoXKdMT,황금거위_미니게임1_RV_iOS,RV,7,Unity,4,0,0,0,0,0.000000,0.00,0.00,0.0000
2026-05-12,152630613,황금거위(AOS),,DECp68UA1uOBhfu,황금거위_미니게임2_RV_Android,RV,7,Unity,4,0,0,1,0,0.000000,0.00,0.00,0.0000
2026-05-12,880605234,황금거위(iOS),,889ZlHXzRQjWWmw,황금거위_미니게임2_RV_iOS,RV,7,Unity,4,0,0,0,0,0.000000,0.00,0.00,0.0000
2026-05-12,152630613,황금거위(AOS),,AIeWRQ2R5CbBNyO,황금거위_보너스캐시_RV_Android,RV,7,Unity,4,0,0,1,0,0.000000,0.00,0.00,0.0000
2026-05-12,880605234,황금거위(iOS),,efq4IKkCEZ9y55e,황금거위_보너스캐시_RV_iOS,RV,7,Unity,4,0,0,0,0,0.000000,0.00,0.00,0.0000
2026-05-12,152630613,황금거위(AOS),,nrbMhFxX4AEcFxq,황금거위_출석체크_RV_Android,RV,7,Unity,4,0,0,1,0,0.000000,0.00,0.00,0.0000
2026-05-12,880605234,황금거위(iOS),,pri9mYRn7kAgmbp,황금거위_출석체크_RV_iOS,RV,7,Unity,4,0,0,0,0,0.000000,0.00,0.00,0.0000
2026-05-12,152630613,황금거위(AOS),,XvgdJsTGilO5s0n,황금거위_황금알_RV_Android,RV,7,Unity,4,0,0,1,0,0.000000,0.00,0.00,0.0000
2026-05-12,880605234,황금거위(iOS),,RQeUixRooxXfCLZ,황금거위_황금알_RV_iOS,RV,7,Unity,4,0,0,0,0,0.000000,0.00,0.00,0.0000
2026-05-12,152630613,황금거위(AOS),,C3mnch5tzeN2ekh,MAX_황금거위_BANNER_320x50_Android,배너,0,Adpopcorn SSP,1,4745,0,0,0,0.000000,0.00,0.00,0.0000
2026-05-12,152630613,황금거위(AOS),,C3mnch5tzeN2ekh,MAX_황금거위_BANNER_320x50_Android,배너,23,AppLovin Bidding,4,0,0,6805,0,0.509269,0.00,0.00,0.0748
2026-05-12,880605234,황금거위(iOS),,vwkQHnVjazlBLGT,MAX_황금거위_BANNER_320x50_iOS,배너,0,Adpopcorn SSP,1,461,0,0,0,0.000000,0.00,0.00,0.0000
2026-05-12,880605234,황금거위(iOS),,vwkQHnVjazlBLGT,MAX_황금거위_BANNER_320x50_iOS,배너,23,AppLovin Bidding,4,0,0,718,0,0.102815,0.00,0.00,0.1432
2026-05-12,880605234,황금거위(iOS),,Rqq5ys6rPgw1xtE,(미사용)_지면10,전면,7,Unity,4,0,0,0,0,0.000000,0.00,0.00,0.0000
2026-05-12,152630613,황금거위(AOS),,tl45NuBN13CE6Zo,(미사용)_지면13,전면,7,Unity,4,0,0,1,0,0.000000,0.00,0.00,0.0000
2026-05-12,880605234,황금거위(iOS),,WJq3uX8XHlAfwvd,(미사용)_지면14,전면,7,Unity,4,0,0,0,0,0.000000,0.00,0.00,0.0000
2026-05-12,152630613,황금거위(AOS),,KnRM9J73nGZDyNl,(미사용)_지면9,전면,7,Unity,4,0,0,1,0,0.000000,0.00,0.00,0.0000
2026-05-12,152630613,황금거위(AOS),,3xIqvUw5WOsbcjB,MAX_황금거위_황금알_IV_Android,전면,0,Adpopcorn SSP,1,10009,0,0,0,0.000000,0.00,0.00,0.0000
2026-05-12,152630613,황금거위(AOS),,3xIqvUw5WOsbcjB,MAX_황금거위_황금알_IV_Android,전면,23,AppLovin Bidding,4,0,0,7830,0,22.597648,0.00,0.00,2.8860
2026-05-12,880605234,황금거위(iOS),,Fx2IKZezhiusQf5,MAX_황금거위_황금알_IV_iOS,전면,0,Adpopcorn SSP,1,1136,0,0,0,0.000000,0.00,0.00,0.0000
2026-05-12,880605234,황금거위(iOS),,Fx2IKZezhiusQf5,MAX_황금거위_황금알_IV_iOS,전면,23,AppLovin Bidding,4,0,0,697,0,4.373304,0.00,0.00,6.2745
2026-05-12,152630613,황금거위(AOS),,yHF7tDB84XOBw8b,황금거위_미니게임1_IV_Android,전면,7,Unity,4,0,0,1,0,0.000000,0.00,0.00,0.0000
2026-05-12,880605234,황금거위(iOS),,YwA9FTqWurcS5ji,황금거위_미니게임1_IV_iOS,전면,7,Unity,4,0,0,0,0,0.000000,0.00,0.00,0.0000
2026-05-12,152630613,황금거위(AOS),,krTeIJf4Hzov49A,황금거위_미니게임2_IV_Android,전면,7,Unity,4,0,0,1,0,0.000000,0.00,0.00,0.0000
2026-05-12,880605234,황금거위(iOS),,YlKHNPBshONOF8i,황금거위_미니게임2_IV_iOS,전면,7,Unity,4,0,0,0,0,0.000000,0.00,0.00,0.0000
2026-05-12,152630613,황금거위(AOS),,9de98q5xv1xUaVJ,황금거위_보너스캐시_IV_Android,전면,7,Unity,4,0,0,1,0,0.000000,0.00,0.00,0.0000
2026-05-12,880605234,황금거위(iOS),,MFMw8wcWwYCVV5t,황금거위_보너스캐시_IV_iOS,전면,7,Unity,4,0,0,0,0,0.000000,0.00,0.00,0.0000
2026-05-12,152630613,황금거위(AOS),,yO1Y4UZp6QFEG6h,황금거위_출석체크_IV_Android,전면,7,Unity,4,0,0,1,0,0.000000,0.00,0.00,0.0000
2026-05-12,880605234,황금거위(iOS),,uTswTQM5e1puEGv,황금거위_출석체크_IV_iOS,전면,7,Unity,4,0,0,0,0,0.000000,0.00,0.00,0.0000
2026-05-12,152630613,황금거위(AOS),,4zLAQUTzDGMz2Oi,황금거위_황금알_IV_Android,전면,0,Adpopcorn SSP,1,5,2,0,0,0.000000,0.00,0.00,0.0000
2026-05-12,152630613,황금거위(AOS),,4zLAQUTzDGMz2Oi,황금거위_황금알_IV_Android,전면,16,Fyber,4,5,0,0,0,0.000000,0.00,0.00,0.0000
2026-05-12,152630613,황금거위(AOS),,4zLAQUTzDGMz2Oi,황금거위_황금알_IV_Android,전면,34,ID 34,4,2,2,0,0,0.000000,0.00,0.00,0.0000
2026-05-12,152630613,황금거위(AOS),,4zLAQUTzDGMz2Oi,황금거위_황금알_IV_Android,전면,18,Pangle,4,3,1,0,0,0.000000,0.00,0.00,0.0000
2026-05-12,152630613,황금거위(AOS),,4zLAQUTzDGMz2Oi,황금거위_황금알_IV_Android,전면,7,Unity,4,0,0,1,0,0.000000,0.00,0.00,0.0000
2026-05-12,880605234,황금거위(iOS),,BppkJs2NQiqilXy,황금거위_황금알_IV_iOS,전면,0,Adpopcorn SSP,1,1,1,0,0,0.000000,0.00,0.00,0.0000
2026-05-12,880605234,황금거위(iOS),,BppkJs2NQiqilXy,황금거위_황금알_IV_iOS,전면,16,Fyber,4,1,0,0,0,0.000000,0.00,0.00,0.0000
2026-05-12,880605234,황금거위(iOS),,BppkJs2NQiqilXy,황금거위_황금알_IV_iOS,전면,7,Unity,4,0,0,0,0,0.000000,0.00,0.00,0.0000
2026-05-13,152630613,황금거위(AOS),,cTbhY0TbWBWJhio,MAX_황금거위_미니게임1_RV_Android,RV,0,Adpopcorn SSP,1,1556,0,0,0,0.000000,0.00,0.00,0.0000
2026-05-13,152630613,황금거위(AOS),,cTbhY0TbWBWJhio,MAX_황금거위_미니게임1_RV_Android,RV,23,AppLovin Bidding,4,0,0,1114,0,5.624798,0.00,0.00,5.0492
2026-05-13,880605234,황금거위(iOS),,s8ClX6oeda97PEK,MAX_황금거위_미니게임1_RV_iOS,RV,0,Adpopcorn SSP,1,117,0,0,0,0.000000,0.00,0.00,0.0000
2026-05-13,880605234,황금거위(iOS),,s8ClX6oeda97PEK,MAX_황금거위_미니게임1_RV_iOS,RV,23,AppLovin Bidding,4,0,0,89,0,0.443233,0.00,0.00,4.9801
2026-05-13,152630613,황금거위(AOS),,8KcXMLumUGBxt0R,MAX_황금거위_미니게임2_RV_Android,RV,0,Adpopcorn SSP,1,1162,0,0,0,0.000000,0.00,0.00,0.0000
2026-05-13,152630613,황금거위(AOS),,8KcXMLumUGBxt0R,MAX_황금거위_미니게임2_RV_Android,RV,23,AppLovin Bidding,4,0,0,854,0,2.757706,0.00,0.00,3.2292
2026-05-13,880605234,황금거위(iOS),,QSxAQyfPWHuV6ZT,MAX_황금거위_미니게임2_RV_iOS,RV,0,Adpopcorn SSP,1,103,0,0,0,0.000000,0.00,0.00,0.0000
2026-05-13,880605234,황금거위(iOS),,QSxAQyfPWHuV6ZT,MAX_황금거위_미니게임2_RV_iOS,RV,23,AppLovin Bidding,4,0,0,66,0,0.399852,0.00,0.00,6.0584
2026-05-13,152630613,황금거위(AOS),,oH0uEdYZw8uMahW,MAX_황금거위_보너스캐시_RV_Android,RV,0,Adpopcorn SSP,1,2091,0,0,0,0.000000,0.00,0.00,0.0000
2026-05-13,152630613,황금거위(AOS),,oH0uEdYZw8uMahW,MAX_황금거위_보너스캐시_RV_Android,RV,23,AppLovin Bidding,4,0,0,1089,0,3.978185,0.00,0.00,3.6531
2026-05-13,880605234,황금거위(iOS),,7giUHyvhclCpJsh,MAX_황금거위_보너스캐시_RV_iOS,RV,0,Adpopcorn SSP,1,197,0,0,0,0.000000,0.00,0.00,0.0000
2026-05-13,880605234,황금거위(iOS),,7giUHyvhclCpJsh,MAX_황금거위_보너스캐시_RV_iOS,RV,23,AppLovin Bidding,4,0,0,100,0,0.612360,0.00,0.00,6.1236
2026-05-13,152630613,황금거위(AOS),,UMQG3ThfjgYizHB,MAX_황금거위_출석체크_RV_Android,RV,0,Adpopcorn SSP,1,712,0,0,0,0.000000,0.00,0.00,0.0000
2026-05-13,152630613,황금거위(AOS),,UMQG3ThfjgYizHB,MAX_황금거위_출석체크_RV_Android,RV,23,AppLovin Bidding,4,0,0,377,0,1.639132,0.00,0.00,4.3478
2026-05-13,880605234,황금거위(iOS),,B7YvZYzXe8jNBGY,MAX_황금거위_출석체크_RV_iOS,RV,0,Adpopcorn SSP,1,82,0,0,0,0.000000,0.00,0.00,0.0000
2026-05-13,880605234,황금거위(iOS),,B7YvZYzXe8jNBGY,MAX_황금거위_출석체크_RV_iOS,RV,23,AppLovin Bidding,4,0,0,42,0,0.229889,0.00,0.00,5.4735
2026-05-13,880605234,황금거위(iOS),,NXR6ZwfUpdxfWpo,MAX_황금거위_황금알_RV_iOS,RV,0,Adpopcorn SSP,1,2,0,0,0,0.000000,0.00,0.00,0.0000
2026-05-13,880605234,황금거위(iOS),,dwOiJPQUsoXKdMT,황금거위_미니게임1_RV_iOS,RV,0,Adpopcorn SSP,1,4,0,0,0,0.000000,0.00,0.00,0.0000
2026-05-13,880605234,황금거위(iOS),,dwOiJPQUsoXKdMT,황금거위_미니게임1_RV_iOS,RV,34,ID 34,4,4,4,3,0,0.001432,75.00,0.00,0.4773
2026-05-13,880605234,황금거위(iOS),,dwOiJPQUsoXKdMT,황금거위_미니게임1_RV_iOS,RV,18,Pangle,4,4,0,0,0,0.000000,0.00,0.00,0.0000
2026-05-13,880605234,황금거위(iOS),,889ZlHXzRQjWWmw,황금거위_미니게임2_RV_iOS,RV,0,Adpopcorn SSP,1,4,0,0,0,0.000000,0.00,0.00,0.0000
2026-05-13,880605234,황금거위(iOS),,889ZlHXzRQjWWmw,황금거위_미니게임2_RV_iOS,RV,16,Fyber,4,4,0,0,0,0.000000,0.00,0.00,0.0000
2026-05-13,880605234,황금거위(iOS),,889ZlHXzRQjWWmw,황금거위_미니게임2_RV_iOS,RV,34,ID 34,4,4,4,3,0,0.002521,75.00,0.00,0.8403
2026-05-13,880605234,황금거위(iOS),,889ZlHXzRQjWWmw,황금거위_미니게임2_RV_iOS,RV,18,Pangle,4,4,0,0,0,0.000000,0.00,0.00,0.0000
2026-05-13,880605234,황금거위(iOS),,efq4IKkCEZ9y55e,황금거위_보너스캐시_RV_iOS,RV,0,Adpopcorn SSP,1,2,0,0,0,0.000000,0.00,0.00,0.0000
2026-05-13,880605234,황금거위(iOS),,efq4IKkCEZ9y55e,황금거위_보너스캐시_RV_iOS,RV,34,ID 34,4,2,2,1,0,0.002327,50.00,0.00,2.3270
2026-05-13,880605234,황금거위(iOS),,efq4IKkCEZ9y55e,황금거위_보너스캐시_RV_iOS,RV,18,Pangle,4,2,0,0,0,0.000000,0.00,0.00,0.0000
2026-05-13,880605234,황금거위(iOS),,pri9mYRn7kAgmbp,황금거위_출석체크_RV_iOS,RV,0,Adpopcorn SSP,1,2,0,0,0,0.000000,0.00,0.00,0.0000
2026-05-13,880605234,황금거위(iOS),,pri9mYRn7kAgmbp,황금거위_출석체크_RV_iOS,RV,34,ID 34,4,2,2,1,0,0.001978,50.00,0.00,1.9780
2026-05-13,880605234,황금거위(iOS),,pri9mYRn7kAgmbp,황금거위_출석체크_RV_iOS,RV,18,Pangle,4,2,0,0,0,0.000000,0.00,0.00,0.0000
2026-05-13,880605234,황금거위(iOS),,RQeUixRooxXfCLZ,황금거위_황금알_RV_iOS,RV,0,Adpopcorn SSP,1,1,1,0,0,0.000000,0.00,0.00,0.0000
2026-05-13,880605234,황금거위(iOS),,K7ycD8gltcncKGp,BANNER_320x50_iOS,배너,0,Adpopcorn SSP,1,9,5,5,0,0.000361,55.56,0.00,0.0722
2026-05-13,152630613,황금거위(AOS),,C3mnch5tzeN2ekh,MAX_황금거위_BANNER_320x50_Android,배너,0,Adpopcorn SSP,1,4855,0,0,0,0.000000,0.00,0.00,0.0000
2026-05-13,152630613,황금거위(AOS),,C3mnch5tzeN2ekh,MAX_황금거위_BANNER_320x50_Android,배너,23,AppLovin Bidding,4,0,0,5745,0,0.438482,0.00,0.00,0.0763
2026-05-13,880605234,황금거위(iOS),,vwkQHnVjazlBLGT,MAX_황금거위_BANNER_320x50_iOS,배너,0,Adpopcorn SSP,1,474,0,0,0,0.000000,0.00,0.00,0.0000
2026-05-13,880605234,황금거위(iOS),,vwkQHnVjazlBLGT,MAX_황금거위_BANNER_320x50_iOS,배너,23,AppLovin Bidding,4,0,0,834,0,0.100757,0.00,0.00,0.1208
2026-05-13,152630613,황금거위(AOS),,3xIqvUw5WOsbcjB,MAX_황금거위_황금알_IV_Android,전면,0,Adpopcorn SSP,1,10160,0,0,0,0.000000,0.00,0.00,0.0000
2026-05-13,152630613,황금거위(AOS),,3xIqvUw5WOsbcjB,MAX_황금거위_황금알_IV_Android,전면,23,AppLovin Bidding,4,0,0,7448,0,19.480130,0.00,0.00,2.6155
2026-05-13,880605234,황금거위(iOS),,Fx2IKZezhiusQf5,MAX_황금거위_황금알_IV_iOS,전면,0,Adpopcorn SSP,1,1171,0,0,0,0.000000,0.00,0.00,0.0000
2026-05-13,880605234,황금거위(iOS),,Fx2IKZezhiusQf5,MAX_황금거위_황금알_IV_iOS,전면,23,AppLovin Bidding,4,0,0,776,0,3.524052,0.00,0.00,4.5413
2026-05-13,152630613,황금거위(AOS),,4zLAQUTzDGMz2Oi,황금거위_황금알_IV_Android,전면,0,Adpopcorn SSP,1,1,0,0,0,0.000000,0.00,0.00,0.0000
2026-05-13,152630613,황금거위(AOS),,4zLAQUTzDGMz2Oi,황금거위_황금알_IV_Android,전면,16,Fyber,4,2,0,0,0,0.000000,0.00,0.00,0.0000
2026-05-13,152630613,황금거위(AOS),,4zLAQUTzDGMz2Oi,황금거위_황금알_IV_Android,전면,34,ID 34,4,1,1,0,0,0.000000,0.00,0.00,0.0000
2026-05-13,152630613,황금거위(AOS),,4zLAQUTzDGMz2Oi,황금거위_황금알_IV_Android,전면,18,Pangle,4,1,0,0,0,0.000000,0.00,0.00,0.0000
2026-05-13,880605234,황금거위(iOS),,BppkJs2NQiqilXy,황금거위_황금알_IV_iOS,전면,0,Adpopcorn SSP,1,14,1,0,0,0.000000,0.00,0.00,0.0000
2026-05-13,880605234,황금거위(iOS),,BppkJs2NQiqilXy,황금거위_황금알_IV_iOS,전면,16,Fyber,4,15,0,0,0,0.000000,0.00,0.00,0.0000
2026-05-13,880605234,황금거위(iOS),,BppkJs2NQiqilXy,황금거위_황금알_IV_iOS,전면,34,ID 34,4,12,12,10,0,0.008615,83.33,0.00,0.8615
2026-05-13,880605234,황금거위(iOS),,BppkJs2NQiqilXy,황금거위_황금알_IV_iOS,전면,18,Pangle,4,12,0,0,0,0.000000,0.00,0.00,0.0000
2026-05-14,880605234,황금거위(iOS),,Yoax5Xff5smHHAp,(미사용)_지면12,RV,7,Unity,4,0,0,1,0,0.000000,0.00,0.00,0.0000
2026-05-14,880605234,황금거위(iOS),,pr94HFCE3HHLxRh,(미사용)_지면8,RV,7,Unity,4,0,0,1,0,0.000000,0.00,0.00,0.0000
2026-05-14,152630613,황금거위(AOS),,cTbhY0TbWBWJhio,MAX_황금거위_미니게임1_RV_Android,RV,0,Adpopcorn SSP,1,1531,0,0,0,0.000000,0.00,0.00,0.0000
2026-05-14,152630613,황금거위(AOS),,cTbhY0TbWBWJhio,MAX_황금거위_미니게임1_RV_Android,RV,23,AppLovin Bidding,4,0,0,1151,0,5.727631,0.00,0.00,4.9762
2026-05-14,880605234,황금거위(iOS),,s8ClX6oeda97PEK,MAX_황금거위_미니게임1_RV_iOS,RV,0,Adpopcorn SSP,1,104,0,0,0,0.000000,0.00,0.00,0.0000
2026-05-14,880605234,황금거위(iOS),,s8ClX6oeda97PEK,MAX_황금거위_미니게임1_RV_iOS,RV,23,AppLovin Bidding,4,0,0,75,0,0.567256,0.00,0.00,7.5634
2026-05-14,152630613,황금거위(AOS),,8KcXMLumUGBxt0R,MAX_황금거위_미니게임2_RV_Android,RV,0,Adpopcorn SSP,1,1153,0,0,0,0.000000,0.00,0.00,0.0000
2026-05-14,152630613,황금거위(AOS),,8KcXMLumUGBxt0R,MAX_황금거위_미니게임2_RV_Android,RV,23,AppLovin Bidding,4,0,0,889,0,2.895431,0.00,0.00,3.2570
2026-05-14,880605234,황금거위(iOS),,QSxAQyfPWHuV6ZT,MAX_황금거위_미니게임2_RV_iOS,RV,0,Adpopcorn SSP,1,78,0,0,0,0.000000,0.00,0.00,0.0000
2026-05-14,880605234,황금거위(iOS),,QSxAQyfPWHuV6ZT,MAX_황금거위_미니게임2_RV_iOS,RV,23,AppLovin Bidding,4,0,0,62,0,0.293838,0.00,0.00,4.7393
2026-05-14,152630613,황금거위(AOS),,oH0uEdYZw8uMahW,MAX_황금거위_보너스캐시_RV_Android,RV,0,Adpopcorn SSP,1,2113,0,0,0,0.000000,0.00,0.00,0.0000
2026-05-14,152630613,황금거위(AOS),,oH0uEdYZw8uMahW,MAX_황금거위_보너스캐시_RV_Android,RV,23,AppLovin Bidding,4,0,0,1124,0,4.381913,0.00,0.00,3.8985
2026-05-14,880605234,황금거위(iOS),,7giUHyvhclCpJsh,MAX_황금거위_보너스캐시_RV_iOS,RV,0,Adpopcorn SSP,1,173,0,0,0,0.000000,0.00,0.00,0.0000
2026-05-14,880605234,황금거위(iOS),,7giUHyvhclCpJsh,MAX_황금거위_보너스캐시_RV_iOS,RV,23,AppLovin Bidding,4,0,0,86,0,0.562956,0.00,0.00,6.5460
2026-05-14,152630613,황금거위(AOS),,UMQG3ThfjgYizHB,MAX_황금거위_출석체크_RV_Android,RV,0,Adpopcorn SSP,1,734,0,0,0,0.000000,0.00,0.00,0.0000
2026-05-14,152630613,황금거위(AOS),,UMQG3ThfjgYizHB,MAX_황금거위_출석체크_RV_Android,RV,23,AppLovin Bidding,4,0,0,369,0,1.485275,0.00,0.00,4.0251
2026-05-14,880605234,황금거위(iOS),,B7YvZYzXe8jNBGY,MAX_황금거위_출석체크_RV_iOS,RV,0,Adpopcorn SSP,1,81,0,0,0,0.000000,0.00,0.00,0.0000
2026-05-14,880605234,황금거위(iOS),,B7YvZYzXe8jNBGY,MAX_황금거위_출석체크_RV_iOS,RV,23,AppLovin Bidding,4,0,0,40,0,0.327012,0.00,0.00,8.1753
2026-05-14,152630613,황금거위(AOS),,VGaLBMjmpkJ0Axd,MAX_황금거위_황금알_RV_Android,RV,0,Adpopcorn SSP,1,2,0,0,0,0.000000,0.00,0.00,0.0000
2026-05-14,152630613,황금거위(AOS),,VGaLBMjmpkJ0Axd,MAX_황금거위_황금알_RV_Android,RV,23,AppLovin Bidding,4,0,0,2,0,0.003058,0.00,0.00,1.5290
2026-05-14,880605234,황금거위(iOS),,dwOiJPQUsoXKdMT,황금거위_미니게임1_RV_iOS,RV,18,Pangle,4,3,0,0,0,0.000000,0.00,0.00,0.0000
2026-05-14,880605234,황금거위(iOS),,dwOiJPQUsoXKdMT,황금거위_미니게임1_RV_iOS,RV,7,Unity,4,0,0,1,0,0.000000,0.00,0.00,0.0000
2026-05-14,880605234,황금거위(iOS),,889ZlHXzRQjWWmw,황금거위_미니게임2_RV_iOS,RV,16,Fyber,4,4,0,0,0,0.000000,0.00,0.00,0.0000
2026-05-14,880605234,황금거위(iOS),,889ZlHXzRQjWWmw,황금거위_미니게임2_RV_iOS,RV,18,Pangle,4,2,0,0,0,0.000000,0.00,0.00,0.0000
2026-05-14,880605234,황금거위(iOS),,889ZlHXzRQjWWmw,황금거위_미니게임2_RV_iOS,RV,7,Unity,4,0,0,1,0,0.000000,0.00,0.00,0.0000
2026-05-14,880605234,황금거위(iOS),,efq4IKkCEZ9y55e,황금거위_보너스캐시_RV_iOS,RV,18,Pangle,4,2,0,0,0,0.000000,0.00,0.00,0.0000
2026-05-14,880605234,황금거위(iOS),,efq4IKkCEZ9y55e,황금거위_보너스캐시_RV_iOS,RV,7,Unity,4,0,0,1,0,0.000000,0.00,0.00,0.0000
2026-05-14,880605234,황금거위(iOS),,pri9mYRn7kAgmbp,황금거위_출석체크_RV_iOS,RV,7,Unity,4,0,0,1,0,0.000000,0.00,0.00,0.0000
2026-05-14,880605234,황금거위(iOS),,RQeUixRooxXfCLZ,황금거위_황금알_RV_iOS,RV,7,Unity,4,0,0,1,0,0.000000,0.00,0.00,0.0000
2026-05-14,152630613,황금거위(AOS),,C3mnch5tzeN2ekh,MAX_황금거위_BANNER_320x50_Android,배너,0,Adpopcorn SSP,1,4893,0,0,0,0.000000,0.00,0.00,0.0000
2026-05-14,152630613,황금거위(AOS),,C3mnch5tzeN2ekh,MAX_황금거위_BANNER_320x50_Android,배너,23,AppLovin Bidding,4,0,0,5983,0,0.512256,0.00,0.00,0.0856
2026-05-14,880605234,황금거위(iOS),,vwkQHnVjazlBLGT,MAX_황금거위_BANNER_320x50_iOS,배너,0,Adpopcorn SSP,1,432,0,0,0,0.000000,0.00,0.00,0.0000
2026-05-14,880605234,황금거위(iOS),,vwkQHnVjazlBLGT,MAX_황금거위_BANNER_320x50_iOS,배너,23,AppLovin Bidding,4,0,0,785,0,0.099494,0.00,0.00,0.1267
2026-05-14,152630613,황금거위(AOS),,3xIqvUw5WOsbcjB,MAX_황금거위_황금알_IV_Android,전면,0,Adpopcorn SSP,1,10077,0,0,0,0.000000,0.00,0.00,0.0000
2026-05-14,152630613,황금거위(AOS),,3xIqvUw5WOsbcjB,MAX_황금거위_황금알_IV_Android,전면,23,AppLovin Bidding,4,0,0,7706,0,22.777772,0.00,0.00,2.9558
2026-05-14,880605234,황금거위(iOS),,Fx2IKZezhiusQf5,MAX_황금거위_황금알_IV_iOS,전면,0,Adpopcorn SSP,1,1066,0,0,0,0.000000,0.00,0.00,0.0000
2026-05-14,880605234,황금거위(iOS),,Fx2IKZezhiusQf5,MAX_황금거위_황금알_IV_iOS,전면,23,AppLovin Bidding,4,0,0,677,0,2.945290,0.00,0.00,4.3505
2026-05-14,152630613,황금거위(AOS),,4zLAQUTzDGMz2Oi,황금거위_황금알_IV_Android,전면,0,Adpopcorn SSP,1,2,0,0,0,0.000000,0.00,0.00,0.0000
2026-05-14,152630613,황금거위(AOS),,4zLAQUTzDGMz2Oi,황금거위_황금알_IV_Android,전면,16,Fyber,4,3,0,0,0,0.000000,0.00,0.00,0.0000
2026-05-14,152630613,황금거위(AOS),,4zLAQUTzDGMz2Oi,황금거위_황금알_IV_Android,전면,34,ID 34,4,1,1,0,0,0.000000,0.00,0.00,0.0000
2026-05-14,152630613,황금거위(AOS),,4zLAQUTzDGMz2Oi,황금거위_황금알_IV_Android,전면,18,Pangle,4,1,0,0,0,0.000000,0.00,0.00,0.0000
2026-05-14,880605234,황금거위(iOS),,BppkJs2NQiqilXy,황금거위_황금알_IV_iOS,전면,0,Adpopcorn SSP,1,4,2,0,0,0.000000,0.00,0.00,0.0000
2026-05-14,880605234,황금거위(iOS),,BppkJs2NQiqilXy,황금거위_황금알_IV_iOS,전면,16,Fyber,4,15,0,1,1,0.005000,6.67,100.00,5.0000
2026-05-14,880605234,황금거위(iOS),,BppkJs2NQiqilXy,황금거위_황금알_IV_iOS,전면,34,ID 34,4,1,1,0,0,0.000000,0.00,0.00,0.0000
2026-05-14,880605234,황금거위(iOS),,BppkJs2NQiqilXy,황금거위_황금알_IV_iOS,전면,18,Pangle,4,12,0,0,0,0.000000,0.00,0.00,0.0000
2026-05-15,880605234,황금거위(iOS),,Yoax5Xff5smHHAp,(미사용)_지면12,RV,7,Unity,4,0,0,0,0,0.000000,0.00,0.00,0.0000
2026-05-15,880605234,황금거위(iOS),,pr94HFCE3HHLxRh,(미사용)_지면8,RV,7,Unity,4,0,0,0,0,0.000000,0.00,0.00,0.0000
2026-05-15,152630613,황금거위(AOS),,cTbhY0TbWBWJhio,MAX_황금거위_미니게임1_RV_Android,RV,0,Adpopcorn SSP,1,1712,0,0,0,0.000000,0.00,0.00,0.0000
2026-05-15,152630613,황금거위(AOS),,cTbhY0TbWBWJhio,MAX_황금거위_미니게임1_RV_Android,RV,23,AppLovin Bidding,4,0,0,1221,0,8.004897,0.00,0.00,6.5560
2026-05-15,880605234,황금거위(iOS),,s8ClX6oeda97PEK,MAX_황금거위_미니게임1_RV_iOS,RV,0,Adpopcorn SSP,1,104,0,0,0,0.000000,0.00,0.00,0.0000
2026-05-15,880605234,황금거위(iOS),,s8ClX6oeda97PEK,MAX_황금거위_미니게임1_RV_iOS,RV,23,AppLovin Bidding,4,0,0,79,0,0.285028,0.00,0.00,3.6079
2026-05-15,152630613,황금거위(AOS),,8KcXMLumUGBxt0R,MAX_황금거위_미니게임2_RV_Android,RV,0,Adpopcorn SSP,1,1294,0,0,0,0.000000,0.00,0.00,0.0000
2026-05-15,152630613,황금거위(AOS),,8KcXMLumUGBxt0R,MAX_황금거위_미니게임2_RV_Android,RV,23,AppLovin Bidding,4,0,0,924,0,3.796296,0.00,0.00,4.1085
2026-05-15,880605234,황금거위(iOS),,QSxAQyfPWHuV6ZT,MAX_황금거위_미니게임2_RV_iOS,RV,0,Adpopcorn SSP,1,75,0,0,0,0.000000,0.00,0.00,0.0000
2026-05-15,880605234,황금거위(iOS),,QSxAQyfPWHuV6ZT,MAX_황금거위_미니게임2_RV_iOS,RV,23,AppLovin Bidding,4,0,0,62,0,0.156883,0.00,0.00,2.5304
2026-05-15,152630613,황금거위(AOS),,oH0uEdYZw8uMahW,MAX_황금거위_보너스캐시_RV_Android,RV,0,Adpopcorn SSP,1,2069,0,0,0,0.000000,0.00,0.00,0.0000
2026-05-15,152630613,황금거위(AOS),,oH0uEdYZw8uMahW,MAX_황금거위_보너스캐시_RV_Android,RV,23,AppLovin Bidding,4,0,0,1092,0,4.833395,0.00,0.00,4.4262
2026-05-15,880605234,황금거위(iOS),,7giUHyvhclCpJsh,MAX_황금거위_보너스캐시_RV_iOS,RV,0,Adpopcorn SSP,1,167,0,0,0,0.000000,0.00,0.00,0.0000
2026-05-15,880605234,황금거위(iOS),,7giUHyvhclCpJsh,MAX_황금거위_보너스캐시_RV_iOS,RV,23,AppLovin Bidding,4,0,0,89,0,0.447786,0.00,0.00,5.0313
2026-05-15,152630613,황금거위(AOS),,UMQG3ThfjgYizHB,MAX_황금거위_출석체크_RV_Android,RV,0,Adpopcorn SSP,1,720,0,0,0,0.000000,0.00,0.00,0.0000
2026-05-15,152630613,황금거위(AOS),,UMQG3ThfjgYizHB,MAX_황금거위_출석체크_RV_Android,RV,23,AppLovin Bidding,4,0,0,378,0,1.815133,0.00,0.00,4.8019
2026-05-15,880605234,황금거위(iOS),,B7YvZYzXe8jNBGY,MAX_황금거위_출석체크_RV_iOS,RV,0,Adpopcorn SSP,1,37,0,0,0,0.000000,0.00,0.00,0.0000
2026-05-15,880605234,황금거위(iOS),,B7YvZYzXe8jNBGY,MAX_황금거위_출석체크_RV_iOS,RV,23,AppLovin Bidding,4,0,0,23,0,0.106234,0.00,0.00,4.6189
2026-05-15,880605234,황금거위(iOS),,dwOiJPQUsoXKdMT,황금거위_미니게임1_RV_iOS,RV,0,Adpopcorn SSP,1,8,2,0,0,0.000000,0.00,0.00,0.0000
2026-05-15,880605234,황금거위(iOS),,dwOiJPQUsoXKdMT,황금거위_미니게임1_RV_iOS,RV,34,ID 34,4,7,7,5,0,0.006393,71.43,0.00,1.2786
2026-05-15,880605234,황금거위(iOS),,dwOiJPQUsoXKdMT,황금거위_미니게임1_RV_iOS,RV,18,Pangle,4,4,0,0,0,0.000000,0.00,0.00,0.0000
2026-05-15,880605234,황금거위(iOS),,dwOiJPQUsoXKdMT,황금거위_미니게임1_RV_iOS,RV,7,Unity,4,0,0,0,0,0.000000,0.00,0.00,0.0000
2026-05-15,880605234,황금거위(iOS),,889ZlHXzRQjWWmw,황금거위_미니게임2_RV_iOS,RV,0,Adpopcorn SSP,1,8,3,0,0,0.000000,0.00,0.00,0.0000
2026-05-15,880605234,황금거위(iOS),,889ZlHXzRQjWWmw,황금거위_미니게임2_RV_iOS,RV,16,Fyber,4,4,0,0,0,0.000000,0.00,0.00,0.0000
2026-05-15,880605234,황금거위(iOS),,889ZlHXzRQjWWmw,황금거위_미니게임2_RV_iOS,RV,34,ID 34,4,6,6,5,0,0.005977,83.33,0.00,1.1954
2026-05-15,880605234,황금거위(iOS),,889ZlHXzRQjWWmw,황금거위_미니게임2_RV_iOS,RV,18,Pangle,4,4,0,0,0,0.000000,0.00,0.00,0.0000
2026-05-15,880605234,황금거위(iOS),,889ZlHXzRQjWWmw,황금거위_미니게임2_RV_iOS,RV,7,Unity,4,0,0,0,0,0.000000,0.00,0.00,0.0000
2026-05-15,880605234,황금거위(iOS),,efq4IKkCEZ9y55e,황금거위_보너스캐시_RV_iOS,RV,0,Adpopcorn SSP,1,2,1,0,0,0.000000,0.00,0.00,0.0000
2026-05-15,880605234,황금거위(iOS),,efq4IKkCEZ9y55e,황금거위_보너스캐시_RV_iOS,RV,34,ID 34,4,2,2,1,0,0.002401,50.00,0.00,2.4010
2026-05-15,880605234,황금거위(iOS),,efq4IKkCEZ9y55e,황금거위_보너스캐시_RV_iOS,RV,7,Unity,4,0,0,0,0,0.000000,0.00,0.00,0.0000
2026-05-15,880605234,황금거위(iOS),,pri9mYRn7kAgmbp,황금거위_출석체크_RV_iOS,RV,0,Adpopcorn SSP,1,2,0,0,0,0.000000,0.00,0.00,0.0000
2026-05-15,880605234,황금거위(iOS),,pri9mYRn7kAgmbp,황금거위_출석체크_RV_iOS,RV,34,ID 34,4,2,2,1,0,0.002105,50.00,0.00,2.1050
2026-05-15,880605234,황금거위(iOS),,pri9mYRn7kAgmbp,황금거위_출석체크_RV_iOS,RV,18,Pangle,4,2,0,0,0,0.000000,0.00,0.00,0.0000
2026-05-15,880605234,황금거위(iOS),,pri9mYRn7kAgmbp,황금거위_출석체크_RV_iOS,RV,7,Unity,4,0,0,0,0,0.000000,0.00,0.00,0.0000
2026-05-15,880605234,황금거위(iOS),,RQeUixRooxXfCLZ,황금거위_황금알_RV_iOS,RV,7,Unity,4,0,0,0,0,0.000000,0.00,0.00,0.0000
2026-05-15,880605234,황금거위(iOS),,K7ycD8gltcncKGp,BANNER_320x50_iOS,배너,0,Adpopcorn SSP,1,17,14,14,0,0.001214,82.35,0.00,0.0867
2026-05-15,152630613,황금거위(AOS),,C3mnch5tzeN2ekh,MAX_황금거위_BANNER_320x50_Android,배너,0,Adpopcorn SSP,1,5120,0,0,0,0.000000,0.00,0.00,0.0000
2026-05-15,152630613,황금거위(AOS),,C3mnch5tzeN2ekh,MAX_황금거위_BANNER_320x50_Android,배너,23,AppLovin Bidding,4,0,0,6015,0,0.459522,0.00,0.00,0.0764
2026-05-15,880605234,황금거위(iOS),,vwkQHnVjazlBLGT,MAX_황금거위_BANNER_320x50_iOS,배너,0,Adpopcorn SSP,1,387,0,0,0,0.000000,0.00,0.00,0.0000
2026-05-15,880605234,황금거위(iOS),,vwkQHnVjazlBLGT,MAX_황금거위_BANNER_320x50_iOS,배너,23,AppLovin Bidding,4,0,0,710,0,0.081677,0.00,0.00,0.1150
2026-05-15,880605234,황금거위(iOS),,Rqq5ys6rPgw1xtE,(미사용)_지면10,전면,7,Unity,4,0,0,0,0,0.000000,0.00,0.00,0.0000
2026-05-15,880605234,황금거위(iOS),,WJq3uX8XHlAfwvd,(미사용)_지면14,전면,7,Unity,4,0,0,0,0,0.000000,0.00,0.00,0.0000
2026-05-15,152630613,황금거위(AOS),,3xIqvUw5WOsbcjB,MAX_황금거위_황금알_IV_Android,전면,0,Adpopcorn SSP,1,10399,0,0,0,0.000000,0.00,0.00,0.0000
2026-05-15,152630613,황금거위(AOS),,3xIqvUw5WOsbcjB,MAX_황금거위_황금알_IV_Android,전면,23,AppLovin Bidding,4,0,0,7740,0,21.343546,0.00,0.00,2.7576
2026-05-15,880605234,황금거위(iOS),,Fx2IKZezhiusQf5,MAX_황금거위_황금알_IV_iOS,전면,0,Adpopcorn SSP,1,938,0,0,0,0.000000,0.00,0.00,0.0000
2026-05-15,880605234,황금거위(iOS),,Fx2IKZezhiusQf5,MAX_황금거위_황금알_IV_iOS,전면,23,AppLovin Bidding,4,0,0,670,0,2.617312,0.00,0.00,3.9064
2026-05-15,880605234,황금거위(iOS),,YwA9FTqWurcS5ji,황금거위_미니게임1_IV_iOS,전면,7,Unity,4,0,0,0,0,0.000000,0.00,0.00,0.0000
2026-05-15,880605234,황금거위(iOS),,YlKHNPBshONOF8i,황금거위_미니게임2_IV_iOS,전면,7,Unity,4,0,0,0,0,0.000000,0.00,0.00,0.0000
2026-05-15,880605234,황금거위(iOS),,MFMw8wcWwYCVV5t,황금거위_보너스캐시_IV_iOS,전면,7,Unity,4,0,0,0,0,0.000000,0.00,0.00,0.0000
2026-05-15,880605234,황금거위(iOS),,uTswTQM5e1puEGv,황금거위_출석체크_IV_iOS,전면,7,Unity,4,0,0,0,0,0.000000,0.00,0.00,0.0000
2026-05-15,880605234,황금거위(iOS),,BppkJs2NQiqilXy,황금거위_황금알_IV_iOS,전면,0,Adpopcorn SSP,1,23,1,0,0,0.000000,0.00,0.00,0.0000
2026-05-15,880605234,황금거위(iOS),,BppkJs2NQiqilXy,황금거위_황금알_IV_iOS,전면,16,Fyber,4,11,0,0,0,0.000000,0.00,0.00,0.0000
2026-05-15,880605234,황금거위(iOS),,BppkJs2NQiqilXy,황금거위_황금알_IV_iOS,전면,34,ID 34,4,22,22,19,1,0.017804,86.36,5.26,0.9371
2026-05-15,880605234,황금거위(iOS),,BppkJs2NQiqilXy,황금거위_황금알_IV_iOS,전면,18,Pangle,4,11,0,0,0,0.000000,0.00,0.00,0.0000
2026-05-15,880605234,황금거위(iOS),,BppkJs2NQiqilXy,황금거위_황금알_IV_iOS,전면,7,Unity,4,0,0,0,0,0.000000,0.00,0.00,0.0000
2026-05-16,880605234,황금거위(iOS),,Yoax5Xff5smHHAp,(미사용)_지면12,RV,7,Unity,4,0,0,1,0,0.000000,0.00,0.00,0.0000
2026-05-16,880605234,황금거위(iOS),,pr94HFCE3HHLxRh,(미사용)_지면8,RV,7,Unity,4,0,0,1,0,0.000000,0.00,0.00,0.0000
2026-05-16,152630613,황금거위(AOS),,cTbhY0TbWBWJhio,MAX_황금거위_미니게임1_RV_Android,RV,0,Adpopcorn SSP,1,1607,0,0,0,0.000000,0.00,0.00,0.0000
2026-05-16,152630613,황금거위(AOS),,cTbhY0TbWBWJhio,MAX_황금거위_미니게임1_RV_Android,RV,23,AppLovin Bidding,4,0,0,1130,0,8.497417,0.00,0.00,7.5198
2026-05-16,880605234,황금거위(iOS),,s8ClX6oeda97PEK,MAX_황금거위_미니게임1_RV_iOS,RV,0,Adpopcorn SSP,1,117,0,0,0,0.000000,0.00,0.00,0.0000
2026-05-16,880605234,황금거위(iOS),,s8ClX6oeda97PEK,MAX_황금거위_미니게임1_RV_iOS,RV,23,AppLovin Bidding,4,0,0,81,0,0.436727,0.00,0.00,5.3917
2026-05-16,152630613,황금거위(AOS),,8KcXMLumUGBxt0R,MAX_황금거위_미니게임2_RV_Android,RV,0,Adpopcorn SSP,1,1176,0,0,0,0.000000,0.00,0.00,0.0000
2026-05-16,152630613,황금거위(AOS),,8KcXMLumUGBxt0R,MAX_황금거위_미니게임2_RV_Android,RV,23,AppLovin Bidding,4,0,0,852,0,3.705264,0.00,0.00,4.3489
2026-05-16,880605234,황금거위(iOS),,QSxAQyfPWHuV6ZT,MAX_황금거위_미니게임2_RV_iOS,RV,0,Adpopcorn SSP,1,98,0,0,0,0.000000,0.00,0.00,0.0000
2026-05-16,880605234,황금거위(iOS),,QSxAQyfPWHuV6ZT,MAX_황금거위_미니게임2_RV_iOS,RV,23,AppLovin Bidding,4,0,0,65,0,0.299604,0.00,0.00,4.6093
2026-05-16,152630613,황금거위(AOS),,oH0uEdYZw8uMahW,MAX_황금거위_보너스캐시_RV_Android,RV,0,Adpopcorn SSP,1,2090,0,0,0,0.000000,0.00,0.00,0.0000
2026-05-16,152630613,황금거위(AOS),,oH0uEdYZw8uMahW,MAX_황금거위_보너스캐시_RV_Android,RV,23,AppLovin Bidding,4,0,0,1079,0,5.272326,0.00,0.00,4.8863
2026-05-16,880605234,황금거위(iOS),,7giUHyvhclCpJsh,MAX_황금거위_보너스캐시_RV_iOS,RV,0,Adpopcorn SSP,1,166,0,0,0,0.000000,0.00,0.00,0.0000
2026-05-16,880605234,황금거위(iOS),,7giUHyvhclCpJsh,MAX_황금거위_보너스캐시_RV_iOS,RV,23,AppLovin Bidding,4,0,0,83,0,0.357137,0.00,0.00,4.3029
2026-05-16,152630613,황금거위(AOS),,UMQG3ThfjgYizHB,MAX_황금거위_출석체크_RV_Android,RV,0,Adpopcorn SSP,1,747,0,0,0,0.000000,0.00,0.00,0.0000
2026-05-16,152630613,황금거위(AOS),,UMQG3ThfjgYizHB,MAX_황금거위_출석체크_RV_Android,RV,23,AppLovin Bidding,4,0,0,366,0,1.610716,0.00,0.00,4.4009
2026-05-16,880605234,황금거위(iOS),,B7YvZYzXe8jNBGY,MAX_황금거위_출석체크_RV_iOS,RV,0,Adpopcorn SSP,1,76,0,0,0,0.000000,0.00,0.00,0.0000
2026-05-16,880605234,황금거위(iOS),,B7YvZYzXe8jNBGY,MAX_황금거위_출석체크_RV_iOS,RV,23,AppLovin Bidding,4,0,0,37,0,0.217257,0.00,0.00,5.8718
2026-05-16,152630613,황금거위(AOS),,VGaLBMjmpkJ0Axd,MAX_황금거위_황금알_RV_Android,RV,0,Adpopcorn SSP,1,1,0,0,0,0.000000,0.00,0.00,0.0000
2026-05-16,880605234,황금거위(iOS),,dwOiJPQUsoXKdMT,황금거위_미니게임1_RV_iOS,RV,18,Pangle,4,2,0,0,0,0.000000,0.00,0.00,0.0000
2026-05-16,880605234,황금거위(iOS),,dwOiJPQUsoXKdMT,황금거위_미니게임1_RV_iOS,RV,7,Unity,4,0,0,1,0,0.000000,0.00,0.00,0.0000
2026-05-16,880605234,황금거위(iOS),,889ZlHXzRQjWWmw,황금거위_미니게임2_RV_iOS,RV,16,Fyber,4,4,0,1,1,0.004000,25.00,100.00,4.0000
2026-05-16,880605234,황금거위(iOS),,889ZlHXzRQjWWmw,황금거위_미니게임2_RV_iOS,RV,18,Pangle,4,3,0,0,0,0.000000,0.00,0.00,0.0000
2026-05-16,880605234,황금거위(iOS),,889ZlHXzRQjWWmw,황금거위_미니게임2_RV_iOS,RV,7,Unity,4,0,0,1,0,0.000000,0.00,0.00,0.0000
2026-05-16,880605234,황금거위(iOS),,efq4IKkCEZ9y55e,황금거위_보너스캐시_RV_iOS,RV,18,Pangle,4,2,0,0,0,0.000000,0.00,0.00,0.0000
2026-05-16,880605234,황금거위(iOS),,efq4IKkCEZ9y55e,황금거위_보너스캐시_RV_iOS,RV,7,Unity,4,0,0,1,0,0.000000,0.00,0.00,0.0000
2026-05-16,880605234,황금거위(iOS),,pri9mYRn7kAgmbp,황금거위_출석체크_RV_iOS,RV,7,Unity,4,0,0,1,0,0.000000,0.00,0.00,0.0000
2026-05-16,880605234,황금거위(iOS),,RQeUixRooxXfCLZ,황금거위_황금알_RV_iOS,RV,7,Unity,4,0,0,1,0,0.000000,0.00,0.00,0.0000
2026-05-16,152630613,황금거위(AOS),,C3mnch5tzeN2ekh,MAX_황금거위_BANNER_320x50_Android,배너,0,Adpopcorn SSP,1,4873,0,0,0,0.000000,0.00,0.00,0.0000
2026-05-16,152630613,황금거위(AOS),,C3mnch5tzeN2ekh,MAX_황금거위_BANNER_320x50_Android,배너,23,AppLovin Bidding,4,0,0,5912,0,0.482718,0.00,0.00,0.0817
2026-05-16,880605234,황금거위(iOS),,vwkQHnVjazlBLGT,MAX_황금거위_BANNER_320x50_iOS,배너,0,Adpopcorn SSP,1,438,0,0,0,0.000000,0.00,0.00,0.0000
2026-05-16,880605234,황금거위(iOS),,vwkQHnVjazlBLGT,MAX_황금거위_BANNER_320x50_iOS,배너,23,AppLovin Bidding,4,0,0,715,0,0.095350,0.00,0.00,0.1334
2026-05-16,152630613,황금거위(AOS),,3xIqvUw5WOsbcjB,MAX_황금거위_황금알_IV_Android,전면,0,Adpopcorn SSP,1,10014,0,0,0,0.000000,0.00,0.00,0.0000
2026-05-16,152630613,황금거위(AOS),,3xIqvUw5WOsbcjB,MAX_황금거위_황금알_IV_Android,전면,23,AppLovin Bidding,4,0,0,7494,0,24.699724,0.00,0.00,3.2959
2026-05-16,880605234,황금거위(iOS),,Fx2IKZezhiusQf5,MAX_황금거위_황금알_IV_iOS,전면,0,Adpopcorn SSP,1,1032,0,0,0,0.000000,0.00,0.00,0.0000
2026-05-16,880605234,황금거위(iOS),,Fx2IKZezhiusQf5,MAX_황금거위_황금알_IV_iOS,전면,23,AppLovin Bidding,4,0,0,671,0,2.993035,0.00,0.00,4.4606
2026-05-16,152630613,황금거위(AOS),,4zLAQUTzDGMz2Oi,황금거위_황금알_IV_Android,전면,0,Adpopcorn SSP,1,2,2,0,0,0.000000,0.00,0.00,0.0000
2026-05-16,152630613,황금거위(AOS),,4zLAQUTzDGMz2Oi,황금거위_황금알_IV_Android,전면,16,Fyber,4,4,0,0,0,0.000000,0.00,0.00,0.0000
2026-05-16,880605234,황금거위(iOS),,BppkJs2NQiqilXy,황금거위_황금알_IV_iOS,전면,0,Adpopcorn SSP,1,1,0,0,0,0.000000,0.00,0.00,0.0000
2026-05-16,880605234,황금거위(iOS),,BppkJs2NQiqilXy,황금거위_황금알_IV_iOS,전면,16,Fyber,4,13,0,1,1,0.005000,7.69,100.00,5.0000
2026-05-16,880605234,황금거위(iOS),,BppkJs2NQiqilXy,황금거위_황금알_IV_iOS,전면,18,Pangle,4,11,0,0,0,0.000000,0.00,0.00,0.0000
2026-05-17,152630613,황금거위(AOS),,cTbhY0TbWBWJhio,MAX_황금거위_미니게임1_RV_Android,RV,0,Adpopcorn SSP,1,1632,0,0,0,0.000000,0.00,0.00,0.0000
2026-05-17,152630613,황금거위(AOS),,cTbhY0TbWBWJhio,MAX_황금거위_미니게임1_RV_Android,RV,23,AppLovin Bidding,4,0,0,1229,0,7.592405,0.00,0.00,6.1777
2026-05-17,880605234,황금거위(iOS),,s8ClX6oeda97PEK,MAX_황금거위_미니게임1_RV_iOS,RV,0,Adpopcorn SSP,1,138,0,0,0,0.000000,0.00,0.00,0.0000
2026-05-17,880605234,황금거위(iOS),,s8ClX6oeda97PEK,MAX_황금거위_미니게임1_RV_iOS,RV,23,AppLovin Bidding,4,0,0,106,0,0.655789,0.00,0.00,6.1867
2026-05-17,152630613,황금거위(AOS),,8KcXMLumUGBxt0R,MAX_황금거위_미니게임2_RV_Android,RV,0,Adpopcorn SSP,1,1184,0,0,0,0.000000,0.00,0.00,0.0000
2026-05-17,152630613,황금거위(AOS),,8KcXMLumUGBxt0R,MAX_황금거위_미니게임2_RV_Android,RV,23,AppLovin Bidding,4,0,0,905,0,3.720272,0.00,0.00,4.1108
2026-05-17,880605234,황금거위(iOS),,QSxAQyfPWHuV6ZT,MAX_황금거위_미니게임2_RV_iOS,RV,0,Adpopcorn SSP,1,104,0,0,0,0.000000,0.00,0.00,0.0000
2026-05-17,880605234,황금거위(iOS),,QSxAQyfPWHuV6ZT,MAX_황금거위_미니게임2_RV_iOS,RV,23,AppLovin Bidding,4,0,0,83,0,0.325313,0.00,0.00,3.9194
2026-05-17,152630613,황금거위(AOS),,oH0uEdYZw8uMahW,MAX_황금거위_보너스캐시_RV_Android,RV,0,Adpopcorn SSP,1,2069,0,0,0,0.000000,0.00,0.00,0.0000
2026-05-17,152630613,황금거위(AOS),,oH0uEdYZw8uMahW,MAX_황금거위_보너스캐시_RV_Android,RV,23,AppLovin Bidding,4,0,0,1094,0,4.106232,0.00,0.00,3.7534
2026-05-17,880605234,황금거위(iOS),,7giUHyvhclCpJsh,MAX_황금거위_보너스캐시_RV_iOS,RV,0,Adpopcorn SSP,1,176,0,0,0,0.000000,0.00,0.00,0.0000
2026-05-17,880605234,황금거위(iOS),,7giUHyvhclCpJsh,MAX_황금거위_보너스캐시_RV_iOS,RV,23,AppLovin Bidding,4,0,0,91,0,0.543601,0.00,0.00,5.9736
2026-05-17,152630613,황금거위(AOS),,UMQG3ThfjgYizHB,MAX_황금거위_출석체크_RV_Android,RV,0,Adpopcorn SSP,1,678,0,0,0,0.000000,0.00,0.00,0.0000
2026-05-17,152630613,황금거위(AOS),,UMQG3ThfjgYizHB,MAX_황금거위_출석체크_RV_Android,RV,23,AppLovin Bidding,4,0,0,394,0,1.546361,0.00,0.00,3.9248
2026-05-17,880605234,황금거위(iOS),,B7YvZYzXe8jNBGY,MAX_황금거위_출석체크_RV_iOS,RV,0,Adpopcorn SSP,1,55,0,0,0,0.000000,0.00,0.00,0.0000
2026-05-17,880605234,황금거위(iOS),,B7YvZYzXe8jNBGY,MAX_황금거위_출석체크_RV_iOS,RV,23,AppLovin Bidding,4,0,0,26,0,0.230045,0.00,0.00,8.8479
2026-05-17,152630613,황금거위(AOS),,VGaLBMjmpkJ0Axd,MAX_황금거위_황금알_RV_Android,RV,0,Adpopcorn SSP,1,3,0,0,0,0.000000,0.00,0.00,0.0000
2026-05-17,152630613,황금거위(AOS),,VGaLBMjmpkJ0Axd,MAX_황금거위_황금알_RV_Android,RV,23,AppLovin Bidding,4,0,0,2,0,0.015762,0.00,0.00,7.8810
2026-05-17,880605234,황금거위(iOS),,dwOiJPQUsoXKdMT,황금거위_미니게임1_RV_iOS,RV,0,Adpopcorn SSP,1,4,2,0,0,0.000000,0.00,0.00,0.0000
2026-05-17,880605234,황금거위(iOS),,dwOiJPQUsoXKdMT,황금거위_미니게임1_RV_iOS,RV,34,ID 34,4,2,2,2,0,0.002708,100.00,0.00,1.3540
2026-05-17,880605234,황금거위(iOS),,889ZlHXzRQjWWmw,황금거위_미니게임2_RV_iOS,RV,0,Adpopcorn SSP,1,4,3,0,0,0.000000,0.00,0.00,0.0000
2026-05-17,880605234,황금거위(iOS),,889ZlHXzRQjWWmw,황금거위_미니게임2_RV_iOS,RV,16,Fyber,4,4,0,0,0,0.000000,0.00,0.00,0.0000
2026-05-17,880605234,황금거위(iOS),,889ZlHXzRQjWWmw,황금거위_미니게임2_RV_iOS,RV,34,ID 34,4,3,3,2,0,0.002213,66.67,0.00,1.1065
2026-05-17,880605234,황금거위(iOS),,efq4IKkCEZ9y55e,황금거위_보너스캐시_RV_iOS,RV,0,Adpopcorn SSP,1,2,0,0,0,0.000000,0.00,0.00,0.0000
2026-05-17,880605234,황금거위(iOS),,efq4IKkCEZ9y55e,황금거위_보너스캐시_RV_iOS,RV,34,ID 34,4,2,2,1,0,0.001648,50.00,0.00,1.6480
2026-05-17,880605234,황금거위(iOS),,K7ycD8gltcncKGp,BANNER_320x50_iOS,배너,0,Adpopcorn SSP,1,10,6,6,0,0.000958,60.00,0.00,0.1597
2026-05-17,152630613,황금거위(AOS),,C3mnch5tzeN2ekh,MAX_황금거위_BANNER_320x50_Android,배너,0,Adpopcorn SSP,1,5486,0,0,0,0.000000,0.00,0.00,0.0000
2026-05-17,152630613,황금거위(AOS),,C3mnch5tzeN2ekh,MAX_황금거위_BANNER_320x50_Android,배너,23,AppLovin Bidding,4,0,0,6358,0,0.462089,0.00,0.00,0.0727
2026-05-17,880605234,황금거위(iOS),,vwkQHnVjazlBLGT,MAX_황금거위_BANNER_320x50_iOS,배너,0,Adpopcorn SSP,1,514,0,0,0,0.000000,0.00,0.00,0.0000
2026-05-17,880605234,황금거위(iOS),,vwkQHnVjazlBLGT,MAX_황금거위_BANNER_320x50_iOS,배너,23,AppLovin Bidding,4,0,0,812,0,0.101688,0.00,0.00,0.1252
2026-05-17,152630613,황금거위(AOS),,3xIqvUw5WOsbcjB,MAX_황금거위_황금알_IV_Android,전면,0,Adpopcorn SSP,1,10754,0,0,0,0.000000,0.00,0.00,0.0000
2026-05-17,152630613,황금거위(AOS),,3xIqvUw5WOsbcjB,MAX_황금거위_황금알_IV_Android,전면,23,AppLovin Bidding,4,0,0,8233,0,26.058585,0.00,0.00,3.1651
2026-05-17,880605234,황금거위(iOS),,Fx2IKZezhiusQf5,MAX_황금거위_황금알_IV_iOS,전면,0,Adpopcorn SSP,1,1162,0,0,0,0.000000,0.00,0.00,0.0000
2026-05-17,880605234,황금거위(iOS),,Fx2IKZezhiusQf5,MAX_황금거위_황금알_IV_iOS,전면,23,AppLovin Bidding,4,0,0,729,0,2.987573,0.00,0.00,4.0982
2026-05-17,152630613,황금거위(AOS),,4zLAQUTzDGMz2Oi,황금거위_황금알_IV_Android,전면,0,Adpopcorn SSP,1,1,0,0,0,0.000000,0.00,0.00,0.0000
2026-05-17,152630613,황금거위(AOS),,4zLAQUTzDGMz2Oi,황금거위_황금알_IV_Android,전면,16,Fyber,4,2,0,0,0,0.000000,0.00,0.00,0.0000
2026-05-17,152630613,황금거위(AOS),,4zLAQUTzDGMz2Oi,황금거위_황금알_IV_Android,전면,34,ID 34,4,1,1,0,0,0.000000,0.00,0.00,0.0000
2026-05-17,152630613,황금거위(AOS),,4zLAQUTzDGMz2Oi,황금거위_황금알_IV_Android,전면,18,Pangle,4,1,0,0,0,0.000000,0.00,0.00,0.0000
2026-05-17,880605234,황금거위(iOS),,BppkJs2NQiqilXy,황금거위_황금알_IV_iOS,전면,0,Adpopcorn SSP,1,12,1,0,0,0.000000,0.00,0.00,0.0000
2026-05-17,880605234,황금거위(iOS),,BppkJs2NQiqilXy,황금거위_황금알_IV_iOS,전면,16,Fyber,4,11,0,1,1,0.005000,9.09,100.00,5.0000
2026-05-17,880605234,황금거위(iOS),,BppkJs2NQiqilXy,황금거위_황금알_IV_iOS,전면,34,ID 34,4,11,11,10,1,0.009367,90.91,10.00,0.9367
2026-05-18,152630613,황금거위(AOS),,cTbhY0TbWBWJhio,MAX_황금거위_미니게임1_RV_Android,RV,0,Adpopcorn SSP,1,1649,0,0,0,0.000000,0.00,0.00,0.0000
2026-05-18,152630613,황금거위(AOS),,cTbhY0TbWBWJhio,MAX_황금거위_미니게임1_RV_Android,RV,23,AppLovin Bidding,4,0,0,1168,0,7.321753,0.00,0.00,6.2686
2026-05-18,880605234,황금거위(iOS),,s8ClX6oeda97PEK,MAX_황금거위_미니게임1_RV_iOS,RV,0,Adpopcorn SSP,1,111,0,0,0,0.000000,0.00,0.00,0.0000
2026-05-18,880605234,황금거위(iOS),,s8ClX6oeda97PEK,MAX_황금거위_미니게임1_RV_iOS,RV,23,AppLovin Bidding,4,0,0,82,0,0.344610,0.00,0.00,4.2026
2026-05-18,152630613,황금거위(AOS),,8KcXMLumUGBxt0R,MAX_황금거위_미니게임2_RV_Android,RV,0,Adpopcorn SSP,1,1203,0,0,0,0.000000,0.00,0.00,0.0000
2026-05-18,152630613,황금거위(AOS),,8KcXMLumUGBxt0R,MAX_황금거위_미니게임2_RV_Android,RV,23,AppLovin Bidding,4,0,0,882,0,3.501715,0.00,0.00,3.9702
2026-05-18,880605234,황금거위(iOS),,QSxAQyfPWHuV6ZT,MAX_황금거위_미니게임2_RV_iOS,RV,0,Adpopcorn SSP,1,88,0,0,0,0.000000,0.00,0.00,0.0000
2026-05-18,880605234,황금거위(iOS),,QSxAQyfPWHuV6ZT,MAX_황금거위_미니게임2_RV_iOS,RV,23,AppLovin Bidding,4,0,0,66,0,0.223104,0.00,0.00,3.3804
2026-05-18,152630613,황금거위(AOS),,oH0uEdYZw8uMahW,MAX_황금거위_보너스캐시_RV_Android,RV,0,Adpopcorn SSP,1,2221,0,0,0,0.000000,0.00,0.00,0.0000
2026-05-18,152630613,황금거위(AOS),,oH0uEdYZw8uMahW,MAX_황금거위_보너스캐시_RV_Android,RV,23,AppLovin Bidding,4,0,0,1139,0,4.300780,0.00,0.00,3.7759
2026-05-18,880605234,황금거위(iOS),,7giUHyvhclCpJsh,MAX_황금거위_보너스캐시_RV_iOS,RV,0,Adpopcorn SSP,1,191,0,0,0,0.000000,0.00,0.00,0.0000
2026-05-18,880605234,황금거위(iOS),,7giUHyvhclCpJsh,MAX_황금거위_보너스캐시_RV_iOS,RV,23,AppLovin Bidding,4,0,0,95,0,0.619742,0.00,0.00,6.5236
2026-05-18,152630613,황금거위(AOS),,UMQG3ThfjgYizHB,MAX_황금거위_출석체크_RV_Android,RV,0,Adpopcorn SSP,1,844,0,0,0,0.000000,0.00,0.00,0.0000
2026-05-18,152630613,황금거위(AOS),,UMQG3ThfjgYizHB,MAX_황금거위_출석체크_RV_Android,RV,23,AppLovin Bidding,4,0,0,400,0,1.508503,0.00,0.00,3.7713
2026-05-18,880605234,황금거위(iOS),,B7YvZYzXe8jNBGY,MAX_황금거위_출석체크_RV_iOS,RV,0,Adpopcorn SSP,1,58,0,0,0,0.000000,0.00,0.00,0.0000
2026-05-18,880605234,황금거위(iOS),,B7YvZYzXe8jNBGY,MAX_황금거위_출석체크_RV_iOS,RV,23,AppLovin Bidding,4,0,0,34,0,0.242647,0.00,0.00,7.1367
2026-05-18,152630613,황금거위(AOS),,VGaLBMjmpkJ0Axd,MAX_황금거위_황금알_RV_Android,RV,0,Adpopcorn SSP,1,2,0,0,0,0.000000,0.00,0.00,0.0000
2026-05-18,152630613,황금거위(AOS),,VGaLBMjmpkJ0Axd,MAX_황금거위_황금알_RV_Android,RV,23,AppLovin Bidding,4,0,0,1,0,0.001755,0.00,0.00,1.7550
2026-05-18,880605234,황금거위(iOS),,dwOiJPQUsoXKdMT,황금거위_미니게임1_RV_iOS,RV,0,Adpopcorn SSP,1,4,3,0,0,0.000000,0.00,0.00,0.0000
2026-05-18,880605234,황금거위(iOS),,dwOiJPQUsoXKdMT,황금거위_미니게임1_RV_iOS,RV,34,ID 34,4,2,2,2,0,0.002269,100.00,0.00,1.1345
2026-05-18,880605234,황금거위(iOS),,dwOiJPQUsoXKdMT,황금거위_미니게임1_RV_iOS,RV,18,Pangle,4,2,0,0,0,0.000000,0.00,0.00,0.0000
2026-05-18,152630613,황금거위(AOS),,DECp68UA1uOBhfu,황금거위_미니게임2_RV_Android,RV,18,Pangle,4,0,0,0,0,0.000000,0.00,0.00,0.0000
2026-05-18,880605234,황금거위(iOS),,889ZlHXzRQjWWmw,황금거위_미니게임2_RV_iOS,RV,0,Adpopcorn SSP,1,4,2,0,0,0.000000,0.00,0.00,0.0000
2026-05-18,880605234,황금거위(iOS),,889ZlHXzRQjWWmw,황금거위_미니게임2_RV_iOS,RV,34,ID 34,4,1,1,1,0,0.001150,100.00,0.00,1.1500
2026-05-18,880605234,황금거위(iOS),,889ZlHXzRQjWWmw,황금거위_미니게임2_RV_iOS,RV,18,Pangle,4,1,0,0,0,0.000000,0.00,0.00,0.0000
2026-05-18,880605234,황금거위(iOS),,efq4IKkCEZ9y55e,황금거위_보너스캐시_RV_iOS,RV,0,Adpopcorn SSP,1,2,0,0,0,0.000000,0.00,0.00,0.0000
2026-05-18,880605234,황금거위(iOS),,efq4IKkCEZ9y55e,황금거위_보너스캐시_RV_iOS,RV,34,ID 34,4,2,2,1,0,0.003162,50.00,0.00,3.1620
2026-05-18,880605234,황금거위(iOS),,efq4IKkCEZ9y55e,황금거위_보너스캐시_RV_iOS,RV,18,Pangle,4,2,0,0,0,0.000000,0.00,0.00,0.0000
2026-05-18,880605234,황금거위(iOS),,pri9mYRn7kAgmbp,황금거위_출석체크_RV_iOS,RV,0,Adpopcorn SSP,1,2,1,0,0,0.000000,0.00,0.00,0.0000
2026-05-18,880605234,황금거위(iOS),,pri9mYRn7kAgmbp,황금거위_출석체크_RV_iOS,RV,34,ID 34,4,2,2,1,0,0.001842,50.00,0.00,1.8420
2026-05-18,880605234,황금거위(iOS),,pri9mYRn7kAgmbp,황금거위_출석체크_RV_iOS,RV,18,Pangle,4,2,0,0,0,0.000000,0.00,0.00,0.0000
2026-05-18,880605234,황금거위(iOS),,K7ycD8gltcncKGp,BANNER_320x50_iOS,배너,0,Adpopcorn SSP,1,8,6,5,0,0.002676,62.50,0.00,0.5352
2026-05-18,152630613,황금거위(AOS),,C3mnch5tzeN2ekh,MAX_황금거위_BANNER_320x50_Android,배너,0,Adpopcorn SSP,1,5102,0,0,0,0.000000,0.00,0.00,0.0000
2026-05-18,152630613,황금거위(AOS),,C3mnch5tzeN2ekh,MAX_황금거위_BANNER_320x50_Android,배너,23,AppLovin Bidding,4,0,0,5796,0,0.416853,0.00,0.00,0.0719
2026-05-18,880605234,황금거위(iOS),,vwkQHnVjazlBLGT,MAX_황금거위_BANNER_320x50_iOS,배너,0,Adpopcorn SSP,1,456,0,0,0,0.000000,0.00,0.00,0.0000
2026-05-18,880605234,황금거위(iOS),,vwkQHnVjazlBLGT,MAX_황금거위_BANNER_320x50_iOS,배너,23,AppLovin Bidding,4,0,0,693,0,0.090472,0.00,0.00,0.1306
2026-05-18,152630613,황금거위(AOS),,3xIqvUw5WOsbcjB,MAX_황금거위_황금알_IV_Android,전면,0,Adpopcorn SSP,1,10577,0,0,0,0.000000,0.00,0.00,0.0000
2026-05-18,152630613,황금거위(AOS),,3xIqvUw5WOsbcjB,MAX_황금거위_황금알_IV_Android,전면,23,AppLovin Bidding,4,0,0,7872,0,22.025351,0.00,0.00,2.7979
2026-05-18,880605234,황금거위(iOS),,Fx2IKZezhiusQf5,MAX_황금거위_황금알_IV_iOS,전면,0,Adpopcorn SSP,1,1045,0,0,0,0.000000,0.00,0.00,0.0000
2026-05-18,880605234,황금거위(iOS),,Fx2IKZezhiusQf5,MAX_황금거위_황금알_IV_iOS,전면,23,AppLovin Bidding,4,0,0,731,0,3.800743,0.00,0.00,5.1994
2026-05-18,152630613,황금거위(AOS),,4zLAQUTzDGMz2Oi,황금거위_황금알_IV_Android,전면,0,Adpopcorn SSP,1,2,1,0,0,0.000000,0.00,0.00,0.0000
2026-05-18,152630613,황금거위(AOS),,4zLAQUTzDGMz2Oi,황금거위_황금알_IV_Android,전면,16,Fyber,4,2,0,0,0,0.000000,0.00,0.00,0.0000
2026-05-18,152630613,황금거위(AOS),,4zLAQUTzDGMz2Oi,황금거위_황금알_IV_Android,전면,18,Pangle,4,3,1,0,0,0.000000,0.00,0.00,0.0000
2026-05-18,880605234,황금거위(iOS),,BppkJs2NQiqilXy,황금거위_황금알_IV_iOS,전면,0,Adpopcorn SSP,1,11,4,0,0,0.000000,0.00,0.00,0.0000
2026-05-18,880605234,황금거위(iOS),,BppkJs2NQiqilXy,황금거위_황금알_IV_iOS,전면,34,ID 34,4,10,10,9,0,0.017264,90.00,0.00,1.9182
2026-05-18,880605234,황금거위(iOS),,BppkJs2NQiqilXy,황금거위_황금알_IV_iOS,전면,18,Pangle,4,10,0,0,0,0.000000,0.00,0.00,0.0000
